Date,Ball_1,Ball_2,Ball_3,Ball_4,Ball_5,Ball_6,Ball_7,Ball_8,Ball_9,Ball_10,Ball_11,Ball_12,Ball_13,Ball_14,Ball_15,Ball_16,Ball_17,Ball_18,Ball_19,Ball_20,Ball_21,Ball_22
08/12/2002,6,14,17,22,25,26,31,35,36,39,41,43,46,48,49,54,55,63,65,68,78,79
08/19/2002,1,5,6,7,12,22,27,28,31,34,35,43,45,50,55,57,62,69,73,78,79,80
08/26/2002,2,3,4,5,15,18,19,22,23,24,26,27,28,32,34,40,55,56,58,59,74,77
09/02/2002,1,4,7,8,12,15,20,21,27,29,34,40,43,44,45,48,49,54,62,68,78,79
09/09/2002,2,13,16,21,22,27,28,32,36,39,41,43,44,45,53,55,62,64,68,69,76,79
09/16/2002,5,10,12,15,17,21,24,25,26,32,33,34,37,40,42,46,47,52,55,65,68,76
09/23/2002,2,5,7,12,14,19,23,26,27,31,33,34,35,45,46,47,49,64,68,72,76,80
09/30/2002,2,7,8,12,15,17,22,23,24,27,33,36,47,50,52,56,62,69,70,72,77,78
10/07/2002,5,9,16,19,23,24,27,28,29,30,36,38,39,51,53,56,57,58,59,61,69,74
10/14/2002,4,5,8,13,15,20,22,23,26,29,31,42,44,47,51,52,56,62,68,69,71,72
10/21/2002,3,5,7,14,20,23,25,27,31,35,36,37,38,44,48,50,53,54,55,61,63,80
10/28/2002,1,2,3,4,9,20,25,33,34,36,39,42,47,51,57,62,63,66,71,72,73,80
11/04/2002,5,7,14,17,18,21,23,29,34,35,38,43,46,49,52,55,57,58,62,64,71,73
11/11/2002,13,15,16,18,19,22,26,34,35,37,38,41,43,47,48,53,55,57,68,70,75,77
11/18/2002,1,3,4,5,6,12,16,18,22,25,31,32,43,56,59,60,61,64,69,71,73,78
11/25/2002,1,4,10,11,23,24,26,29,32,34,37,40,43,45,46,48,56,58,63,67,71,73
12/02/2002,4,11,14,24,26,27,30,31,33,34,40,42,43,46,52,60,63,67,68,70,75,77
12/09/2002,4,8,14,19,23,24,30,34,35,36,39,41,46,60,61,62,65,68,69,70,74,76
12/16/2002,8,9,13,21,22,30,31,34,38,43,44,49,50,53,59,61,65,66,70,76,78,80
12/23/2002,2,13,20,23,26,27,29,33,34,35,44,45,48,49,58,63,67,68,69,72,73,76
12/30/2002,2,3,15,16,18,20,23,27,28,33,36,37,43,52,54,57,58,59,62,69,73,74
01/06/2003,1,4,5,7,9,10,11,12,13,25,29,32,35,36,49,50,61,70,74,75,77,79
01/13/2003,1,4,8,9,12,17,20,22,24,31,36,39,40,46,48,50,52,55,56,62,64,71
01/20/2003,4,7,14,18,19,21,25,41,48,50,53,55,60,61,62,65,66,70,74,75,76,80
01/27/2003,1,2,6,21,25,29,31,32,33,34,35,41,45,47,48,53,55,69,70,73,79,80
02/03/2003,4,6,8,11,13,15,19,20,22,26,27,28,33,39,49,52,53,62,67,68,72,76
02/10/2003,1,3,4,9,10,19,20,23,24,25,32,35,37,39,40,45,46,51,53,71,72,74
02/17/2003,7,10,22,25,28,31,33,35,36,38,40,48,49,51,55,63,64,66,68,74,77,80
02/24/2003,1,7,11,18,25,30,31,32,34,36,37,38,45,47,50,53,56,58,60,67,68,80
03/03/2003,6,8,12,18,25,26,28,30,35,38,39,41,45,50,53,55,59,62,66,69,73,80
03/10/2003,1,2,11,18,19,20,29,30,35,37,46,53,56,57,59,62,66,72,73,75,76,77
03/17/2003,5,8,13,16,17,35,39,42,43,46,48,50,52,57,61,62,63,66,69,72,79,80
03/24/2003,1,2,11,12,13,16,26,29,33,34,36,40,41,47,52,54,57,59,61,72,75,77
03/31/2003,1,2,7,8,13,14,17,19,24,25,26,35,37,38,45,47,49,52,59,62,67,80
04/07/2003,3,4,5,9,10,13,17,20,30,31,34,35,37,39,40,45,48,49,63,71,72,80
04/14/2003,7,15,16,21,25,29,35,36,38,40,43,44,45,57,58,59,67,69,71,72,75,76
04/21/2003,2,5,8,12,15,18,19,27,33,39,41,46,48,49,50,57,62,64,67,69,70,73
04/28/2003,1,2,6,8,16,21,26,28,36,39,44,47,51,52,63,68,71,72,73,75,78,80
05/05/2003,5,6,8,11,12,17,22,24,25,26,27,31,37,39,40,44,47,48,59,62,66,67
05/12/2003,2,8,10,12,18,24,27,29,36,40,44,50,51,52,54,55,65,68,70,75,77,80
05/19/2003,1,12,13,17,18,23,30,32,37,38,41,43,44,45,48,51,56,60,70,71,74,79
05/26/2003,1,6,10,11,13,26,27,29,31,33,39,40,43,46,54,57,58,59,66,67,77,79
06/02/2003,3,9,10,27,28,31,37,39,46,47,48,54,58,59,61,63,66,69,74,75,76,77
06/09/2003,1,3,6,8,9,10,11,13,17,20,27,29,39,40,42,43,44,56,66,69,70,77
06/16/2003,2,6,8,11,18,22,23,25,30,31,39,42,45,50,53,57,62,70,73,76,78,80
06/23/2003,18,19,20,24,26,29,31,38,39,40,42,45,51,53,54,58,61,62,64,70,76,79
06/30/2003,1,3,5,21,26,33,40,43,44,47,48,49,53,56,59,61,63,64,69,71,73,80
07/07/2003,2,3,14,20,21,23,25,28,33,35,37,41,43,52,53,54,63,65,66,72,74,78
07/14/2003,3,4,7,8,12,15,18,22,23,24,32,36,37,39,42,46,52,63,67,71,72,79
07/21/2003,1,6,7,9,10,19,21,27,29,30,32,34,37,41,46,49,51,53,60,65,77,78
07/28/2003,4,6,7,8,11,12,16,19,20,24,27,30,36,38,40,46,53,56,58,61,70,72
08/04/2003,2,3,8,9,10,13,20,21,22,27,33,35,37,38,49,56,58,61,63,69,71,72
08/11/2003,4,7,19,24,26,30,31,33,36,42,44,45,46,49,52,53,54,58,67,68,71,72
08/18/2003,1,5,6,8,9,10,13,19,23,28,30,34,40,41,45,49,50,54,61,65,67,79
08/25/2003,1,8,16,21,27,32,38,40,47,50,53,57,59,60,61,62,65,66,71,75,79,80
09/01/2003,2,8,16,23,26,28,29,40,41,42,48,49,54,56,64,68,71,73,75,78,79,80
09/08/2003,4,8,10,13,15,17,20,28,34,38,42,44,46,49,53,61,63,69,71,72,73,77
09/15/2003,1,3,4,10,17,18,23,31,33,34,35,45,49,52,54,55,59,63,65,71,77,79
09/22/2003,7,10,12,16,19,26,29,38,40,49,50,51,55,58,59,60,66,68,70,74,76,78
09/29/2003,5,10,12,18,20,22,24,28,32,40,46,50,53,59,62,63,66,68,71,72,78,79
10/06/2003,2,7,9,16,19,20,21,22,24,29,37,46,47,58,59,60,67,68,70,71,72,78
10/13/2003,10,11,15,18,19,28,32,36,40,41,47,60,61,63,64,66,67,73,75,77,79,80
10/20/2003,1,11,14,16,19,23,28,34,38,40,44,49,53,64,65,66,68,69,70,72,76,77
10/27/2003,1,2,6,9,10,15,16,22,25,34,41,52,57,62,67,68,70,71,74,75,78,80
11/03/2003,1,3,13,16,17,20,22,25,28,30,32,35,36,37,57,59,64,68,69,74,78,80
11/10/2003,3,8,9,10,18,26,32,35,39,42,45,50,59,60,61,63,67,70,73,75,77,79
11/17/2003,3,4,5,6,10,11,14,16,19,20,26,27,30,37,39,43,48,53,59,71,73,74
11/24/2003,5,13,15,17,22,28,29,30,31,35,39,43,47,48,54,57,60,62,67,77,78,80
12/01/2003,2,7,12,18,23,26,28,31,33,37,40,46,47,52,54,58,61,67,71,72,75,77
12/08/2003,1,2,3,10,12,13,16,17,22,23,29,35,36,37,51,54,55,60,64,65,72,80
12/15/2003,3,6,7,17,18,21,23,24,26,32,38,41,43,49,53,57,58,62,63,68,70,74
12/22/2003,1,2,9,11,20,21,22,27,35,38,39,45,48,50,53,56,61,64,66,72,73,75
12/29/2003,1,7,8,9,10,17,19,20,22,24,32,44,46,48,49,52,62,67,72,73,74,78
01/05/2004,2,5,6,10,18,19,23,25,33,34,36,43,47,48,49,50,54,56,60,61,68,77
01/12/2004,2,3,8,16,19,24,25,30,32,33,36,43,44,50,54,59,60,63,71,73,74,77
01/19/2004,4,5,15,16,18,21,22,23,27,30,31,45,47,58,59,64,65,68,69,71,74,78
01/26/2004,4,7,8,13,17,21,25,31,33,34,35,37,39,40,43,46,50,54,55,57,64,75
02/02/2004,1,2,7,15,16,18,19,20,21,26,28,33,36,42,45,51,53,56,61,66,71,78
02/09/2004,6,9,14,15,17,21,24,25,26,28,32,41,55,56,58,59,60,69,72,74,78,80
02/16/2004,5,6,14,24,25,26,31,32,36,37,40,42,45,50,52,58,60,66,67,69,74,77
02/23/2004,2,4,7,11,14,15,23,24,25,34,37,41,43,46,47,51,57,58,62,63,65,67
03/01/2004,2,5,6,7,11,16,19,23,29,33,38,42,48,50,52,53,61,66,70,71,72,80
03/08/2004,3,8,10,11,13,16,21,24,30,34,38,43,47,54,58,59,64,65,66,67,70,71
03/15/2004,2,4,6,10,11,14,16,18,19,21,27,35,38,44,45,46,49,50,51,57,73,76
03/22/2004,1,2,9,12,13,14,19,25,30,31,33,42,47,50,55,57,59,60,61,63,68,77
03/29/2004,1,2,3,7,15,16,18,20,28,36,38,50,53,61,64,67,69,73,74,75,79,80
04/05/2004,4,7,12,13,14,16,19,20,21,24,25,32,45,52,60,63,69,70,72,73,74,80
04/12/2004,4,22,24,25,36,38,41,46,47,49,51,55,56,58,61,62,63,65,66,69,78,79
04/19/2004,5,6,18,19,22,23,29,33,34,37,39,44,48,49,54,59,63,65,66,67,74,77
04/26/2004,20,21,26,27,29,30,31,36,38,39,40,41,45,50,51,52,53,57,58,68,69,80
05/03/2004,2,4,7,14,17,18,28,40,43,45,47,48,50,51,56,58,59,66,67,68,70,78
05/10/2004,2,3,7,11,13,23,24,27,30,33,35,38,47,51,52,53,54,57,59,62,67,73
05/17/2004,1,7,17,21,25,31,33,34,36,43,45,46,53,54,58,61,62,63,66,68,75,78
05/24/2004,1,2,8,9,15,20,26,27,31,32,34,37,44,52,63,64,66,70,71,73,77,78
05/31/2004,1,11,12,13,18,19,24,28,32,36,39,42,46,48,53,54,56,61,72,76,77,80
06/07/2004,2,3,11,12,28,31,32,36,39,46,55,59,61,62,64,65,67,68,73,76,79,80
06/14/2004,1,2,3,12,21,23,30,31,33,35,36,39,45,58,59,62,64,65,72,73,74,79
06/21/2004,1,5,8,16,18,28,31,34,38,41,42,43,44,47,49,51,52,55,60,61,66,72
06/28/2004,5,8,12,15,19,20,22,23,25,32,39,50,52,55,62,65,66,70,72,74,76,77
07/05/2004,1,5,11,18,27,31,32,35,36,44,47,48,52,56,57,58,63,67,70,71,75,76
07/12/2004,3,5,6,12,21,22,23,30,31,32,33,34,44,45,49,50,53,55,56,58,66,77
07/19/2004,5,13,18,19,20,22,23,31,32,34,44,46,49,51,55,63,64,65,67,77,79,80
07/26/2004,1,2,10,13,19,21,27,35,36,40,44,46,50,55,60,71,72,74,76,77,79,80
08/02/2004,1,2,17,23,25,29,33,41,42,45,48,53,54,55,56,58,62,65,70,72,74,76
08/09/2004,3,7,14,20,27,33,41,42,44,45,54,55,56,57,60,61,65,66,70,72,73,74
08/16/2004,5,16,20,21,22,30,33,35,36,38,40,41,42,43,45,50,52,56,65,71,73,80
08/23/2004,2,14,17,18,21,22,23,25,26,32,35,36,38,42,44,45,52,54,55,58,69,75
08/30/2004,4,6,7,9,15,16,18,20,31,33,34,36,39,45,47,48,57,58,63,64,71,75
09/06/2004,2,4,9,15,16,18,19,20,24,27,28,31,36,47,49,50,55,56,58,62,67,80
09/13/2004,1,2,15,16,18,20,21,24,26,29,30,32,33,35,48,49,52,54,60,66,71,75
09/20/2004,13,14,15,16,17,20,28,29,36,42,44,50,54,59,61,62,67,71,72,75,79,80
09/27/2004,2,5,8,10,18,23,26,29,36,40,41,45,46,48,50,55,56,58,65,67,71,73
10/04/2004,7,9,13,20,21,23,28,30,31,33,34,38,41,43,48,52,63,65,66,68,71,78
10/11/2004,5,6,12,18,19,24,25,32,35,46,51,52,53,57,59,60,64,67,71,72,73,80
10/18/2004,16,17,19,22,23,24,30,32,35,40,54,56,57,58,60,61,62,64,65,75,76,77
10/25/2004,1,6,8,10,18,20,22,23,24,26,34,38,42,44,56,60,64,67,69,72,74,80
11/01/2004,4,6,7,9,12,15,17,22,29,30,39,41,43,46,57,62,67,69,72,74,76,77
11/08/2004,1,3,10,18,21,22,28,29,30,31,40,41,44,50,51,58,65,69,75,76,77,80
11/15/2004,1,2,10,11,12,23,24,25,32,33,34,39,48,56,59,61,68,70,71,74,76,77
11/22/2004,6,8,11,20,27,28,32,34,35,37,38,41,50,59,62,63,64,69,72,74,77,80
11/29/2004,13,18,23,26,30,32,34,35,40,42,44,45,50,51,57,58,61,63,71,72,73,78
12/06/2004,1,4,8,12,15,18,21,23,37,41,45,50,51,52,58,60,62,63,67,68,70,71
12/13/2004,1,15,19,22,29,30,33,36,37,42,46,47,48,53,54,56,57,59,68,73,76,78
12/20/2004,2,8,10,14,18,20,25,28,30,35,40,50,55,59,66,68,69,72,73,78,79,80
12/27/2004,4,8,12,14,15,22,23,24,28,31,32,34,40,44,57,59,60,61,63,65,69,71
01/03/2005,4,12,13,17,19,20,23,25,27,32,39,42,46,47,49,51,58,59,63,64,75,77
01/10/2005,4,7,9,10,11,15,16,18,21,25,26,31,37,38,39,49,57,60,62,70,71,80
01/17/2005,3,4,16,17,18,22,24,27,30,34,37,39,40,41,46,54,61,64,66,68,69,73
01/24/2005,5,6,7,12,14,15,20,22,29,34,35,39,45,48,53,62,64,69,70,71,78,79
01/31/2005,1,2,8,10,14,16,22,23,25,30,31,37,44,46,50,54,58,60,66,70,73,79
02/07/2005,1,2,6,11,12,17,18,27,29,34,35,38,39,42,44,58,59,63,66,67,70,74
02/14/2005,3,4,5,6,9,10,15,16,18,23,29,30,36,38,51,52,57,58,59,73,77,80
02/21/2005,5,7,8,10,16,26,32,37,38,39,40,44,47,51,54,64,67,72,73,74,75,79
02/28/2005,2,3,7,8,11,23,25,29,30,32,36,38,44,46,51,52,54,55,59,67,74,78
03/07/2005,2,4,12,15,19,21,25,32,33,34,37,43,44,46,47,49,55,57,60,71,74,77
03/14/2005,1,8,11,14,15,22,23,28,34,37,38,39,43,45,61,63,64,65,70,72,76,78
03/21/2005,3,5,13,16,18,19,21,23,25,28,30,38,42,44,50,57,59,61,62,67,76,78
03/28/2005,1,13,14,17,19,23,24,25,27,35,40,48,55,56,59,61,66,67,70,72,77,80
04/04/2005,1,8,10,17,23,24,25,26,27,30,34,35,37,40,44,46,49,63,68,72,77,78
04/11/2005,4,9,10,11,18,20,27,28,29,30,31,32,35,36,38,41,46,50,53,67,75,77
04/18/2005,3,6,14,15,16,21,22,23,27,32,33,34,39,41,46,47,53,64,68,69,72,80
04/25/2005,4,5,14,17,19,32,34,35,37,38,39,40,42,43,48,49,54,57,64,74,78,79
05/02/2005,2,8,13,15,16,20,24,25,31,33,35,36,42,46,48,56,57,65,66,67,76,77
05/09/2005,4,5,11,23,24,29,30,34,37,38,42,43,45,49,50,54,56,67,68,77,78,79
05/16/2005,2,3,5,15,19,26,36,39,40,41,42,47,51,54,55,56,58,62,67,69,71,78
05/23/2005,4,7,8,13,15,17,22,25,28,29,31,32,36,38,42,43,54,55,62,64,71,78
05/30/2005,1,2,3,7,11,12,14,23,26,27,32,34,39,41,42,46,47,50,61,62,64,72
06/06/2005,3,5,9,11,15,17,23,24,26,31,33,38,39,46,49,54,59,62,68,70,72,73
06/13/2005,1,3,5,7,12,14,15,19,22,23,25,28,34,35,54,56,62,68,71,73,75,78
06/20/2005,2,7,9,16,17,20,21,22,24,31,33,34,36,44,52,58,59,60,68,70,73,75
06/27/2005,5,8,10,12,13,15,20,23,26,27,38,42,50,53,58,60,61,64,69,70,72,76
07/04/2005,5,10,12,20,22,26,27,30,32,33,34,38,42,46,51,53,59,60,61,72,76,80
07/11/2005,1,5,8,12,15,24,25,32,34,37,43,48,49,55,59,62,63,71,72,73,77,80
07/18/2005,3,4,7,9,13,14,15,22,28,29,37,40,42,47,48,54,55,56,68,72,75,77
07/25/2005,1,3,5,11,15,19,22,25,28,29,30,36,46,47,50,57,59,60,65,66,68,70
08/01/2005,3,16,18,19,22,24,30,34,35,41,44,46,48,49,50,54,61,65,66,70,75,79
08/08/2005,4,8,9,14,19,20,21,22,27,29,32,33,36,39,47,57,59,60,65,75,78,79
08/15/2005,3,10,13,14,15,17,18,19,24,26,27,34,37,40,48,52,59,61,62,71,74,78
08/22/2005,3,5,7,15,16,18,20,22,25,26,27,32,34,39,60,63,68,73,75,76,77,78
08/29/2005,1,6,10,13,19,20,23,24,25,31,33,36,38,41,49,51,56,57,61,64,71,73
09/05/2005,12,15,19,20,21,24,28,32,35,38,39,50,53,54,56,63,68,70,71,73,75,80
09/12/2005,2,3,9,13,14,18,29,31,32,39,40,44,45,47,51,53,54,61,66,70,74,75
09/19/2005,6,7,10,12,19,21,25,28,30,31,34,37,42,48,50,58,66,67,74,76,77,79
09/26/2005,5,10,11,17,20,22,23,32,33,34,39,40,41,44,49,61,64,67,69,72,76,78
10/03/2005,6,8,9,19,23,25,28,29,32,41,42,44,50,59,60,63,64,75,76,77,79,80
10/10/2005,1,2,4,8,13,21,23,26,30,31,35,36,40,42,45,50,54,61,75,76,77,79
10/17/2005,4,7,8,16,17,19,25,26,35,37,47,48,51,54,58,64,65,68,72,73,75,77
10/24/2005,3,6,7,11,15,31,32,33,35,38,39,40,45,46,50,51,52,56,59,62,67,74
10/31/2005,3,4,7,9,12,15,16,19,24,28,32,35,38,39,46,52,55,64,68,69,71,73
11/07/2005,1,5,17,20,21,26,28,34,37,38,41,44,46,48,52,54,60,62,64,65,75,77
11/14/2005,4,7,9,13,19,20,21,22,28,30,33,34,46,47,60,62,70,71,72,73,76,78
11/21/2005,3,5,6,13,15,16,30,34,35,39,40,45,47,54,56,58,63,68,69,70,72,73
11/28/2005,7,9,12,14,19,26,27,37,40,43,44,45,46,47,52,56,59,61,70,73,79,80
12/05/2005,5,6,16,17,20,21,22,28,31,32,35,45,51,56,62,64,69,70,71,73,76,77
12/12/2005,6,7,8,12,13,20,23,26,33,37,38,45,48,49,50,54,55,63,67,68,75,79
12/19/2005,1,3,8,13,26,28,30,34,38,39,41,45,46,49,51,60,61,66,68,71,73,75
12/26/2005,2,4,11,12,17,20,28,29,30,34,35,37,38,46,47,48,51,54,62,65,72,79
01/02/2006,1,10,12,13,15,17,23,26,30,31,33,39,43,46,56,61,62,67,68,71,73,80
01/09/2006,1,3,6,7,14,18,21,26,36,39,41,46,52,53,54,57,58,61,63,67,68,70
01/16/2006,3,4,6,9,10,12,16,18,25,26,37,48,50,52,58,59,65,67,76,77,78,79
01/23/2006,4,7,13,22,31,33,35,39,42,43,44,45,48,53,58,60,65,69,74,78,79,80
01/30/2006,2,4,8,9,14,16,19,22,26,31,35,38,41,42,48,50,51,57,61,63,64,71
02/06/2006,1,2,12,13,14,20,31,33,35,41,43,44,51,52,54,58,60,63,72,74,76,77
02/13/2006,6,10,11,18,19,20,22,23,34,41,43,47,50,52,55,60,61,66,69,71,74,77
02/20/2006,1,3,4,11,18,28,32,39,41,42,45,47,49,56,58,59,60,62,63,65,67,75
02/27/2006,1,2,6,10,12,22,23,25,27,28,31,35,37,42,48,57,66,69,71,75,77,78
03/06/2006,2,6,10,14,16,20,22,28,33,35,36,39,43,52,56,59,61,62,67,71,73,77
03/13/2006,3,6,9,10,11,12,14,15,19,28,33,36,37,45,53,65,66,74,75,77,78,79
03/20/2006,7,8,14,16,19,22,26,29,30,33,35,37,40,45,47,49,52,60,64,68,77,78
03/27/2006,4,5,9,10,15,23,24,26,35,43,46,47,50,52,56,58,60,68,69,74,75,79
04/03/2006,7,11,13,15,17,19,23,24,27,28,37,42,47,48,50,55,65,66,69,70,76,80
04/10/2006,1,2,4,5,11,12,18,21,28,30,34,35,36,40,41,48,54,57,70,71,72,74
04/17/2006,2,3,9,10,15,19,20,21,22,23,26,31,36,38,43,44,46,58,66,70,73,75
04/24/2006,1,3,17,19,21,23,25,26,27,32,35,37,42,44,47,54,55,69,74,75,77,79
05/01/2006,2,4,10,12,16,18,19,20,24,28,29,32,37,43,45,50,51,58,71,72,73,74
05/08/2006,5,6,12,13,16,22,24,30,32,33,34,41,42,44,48,59,60,72,73,74,78,79
05/15/2006,2,11,14,16,23,30,32,36,42,52,55,56,58,60,63,64,65,70,74,76,78,79
05/22/2006,4,5,6,13,14,20,21,26,27,30,34,36,44,45,48,57,61,63,70,71,79,80
05/29/2006,4,6,10,15,16,25,27,33,34,37,43,47,53,55,57,58,60,61,68,69,75,78
06/05/2006,1,8,17,21,26,36,43,46,49,51,53,57,59,60,61,62,63,67,69,72,75,77
06/12/2006,3,10,11,13,17,32,33,38,42,48,49,54,56,60,65,66,67,68,72,73,76,77
06/19/2006,6,7,8,16,18,22,26,28,32,37,39,42,44,50,63,66,68,69,75,78,79,80
06/26/2006,1,6,7,12,14,15,26,30,32,33,36,37,38,50,51,53,55,56,62,65,67,76
07/03/2006,1,2,5,12,13,17,18,20,21,22,26,38,42,48,56,60,64,66,67,73,74,75
07/10/2006,2,3,6,15,18,26,28,29,30,41,47,48,51,56,59,65,66,68,69,70,71,79
07/17/2006,3,12,13,18,21,23,26,32,34,39,41,46,51,61,62,63,64,65,70,72,79,80
07/24/2006,1,5,19,21,23,28,29,32,33,34,35,47,51,54,56,59,63,65,70,71,72,77
07/31/2006,1,4,8,11,12,17,18,23,25,26,28,37,39,42,43,44,46,61,64,70,77,78
08/07/2006,4,11,14,16,17,18,19,21,24,28,33,34,37,43,46,51,58,62,66,68,76,78
08/14/2006,2,4,7,17,20,26,32,37,40,41,42,44,51,53,54,56,63,65,71,72,77,79
08/21/2006,6,9,11,14,24,28,31,41,43,45,46,52,53,57,59,66,67,69,73,74,75,79
08/28/2006,5,20,24,25,30,31,32,35,36,38,40,45,46,47,48,49,52,56,63,72,73,75
09/04/2006,1,3,8,10,14,23,24,27,28,37,38,40,41,51,52,55,56,58,62,64,69,70
09/11/2006,2,3,6,7,11,12,18,20,21,22,34,35,36,37,39,46,51,59,62,70,71,79
09/18/2006,1,5,8,9,14,17,18,22,23,26,35,46,49,53,55,56,67,69,71,75,77,78
09/25/2006,4,9,10,11,19,26,30,36,40,47,50,51,52,53,57,60,64,65,66,67,69,79
10/02/2006,1,2,4,9,10,16,18,22,24,26,27,30,33,35,38,43,46,54,56,59,62,80
10/09/2006,3,5,6,9,12,13,16,21,32,41,44,51,54,56,59,62,64,68,71,72,74,75
10/16/2006,6,7,17,21,26,30,31,33,37,42,45,50,52,53,54,56,57,59,60,69,70,79
10/23/2006,1,5,8,10,13,16,22,25,26,32,38,39,45,46,53,56,59,65,69,70,77,80
10/30/2006,4,8,9,14,15,17,18,21,25,26,27,30,35,36,41,49,53,56,60,62,71,74
11/06/2006,19,21,23,24,28,29,32,33,35,39,41,43,45,55,57,62,63,66,69,73,75,80
11/13/2006,1,5,6,7,15,18,19,22,23,32,34,37,40,44,46,61,64,68,70,71,74,77
11/20/2006,6,8,9,14,16,25,27,28,30,32,34,39,43,45,50,52,58,61,64,68,69,71
11/27/2006,2,5,7,10,12,14,17,26,34,37,40,47,49,53,60,66,68,71,72,74,77,80
12/04/2006,5,8,10,13,19,20,30,35,40,45,46,49,51,52,58,64,65,66,75,76,78,80
12/11/2006,4,7,8,10,12,24,27,34,35,38,40,42,49,50,54,60,68,69,71,73,75,79
12/18/2006,1,5,6,9,13,23,26,28,29,30,31,37,44,49,51,60,67,68,69,72,73,79
12/25/2006,5,6,9,12,13,14,15,16,22,25,46,48,49,51,54,60,61,64,66,67,68,76
01/01/2007,1,8,15,19,22,24,33,36,42,43,46,48,53,55,56,63,64,65,69,70,73,77
01/08/2007,14,17,19,21,23,29,31,35,36,38,39,47,48,49,50,51,53,65,69,72,77,79
01/15/2007,2,4,13,23,28,30,31,32,33,34,36,42,45,51,57,60,62,67,69,72,77,79
01/22/2007,4,7,10,20,23,26,27,28,31,32,35,37,40,44,47,49,52,53,59,61,75,77
01/29/2007,1,5,9,12,18,30,32,34,37,42,43,44,53,55,57,62,64,65,73,75,77,78
02/05/2007,1,9,11,13,14,17,19,21,25,27,33,35,45,48,51,52,53,54,62,70,75,77
02/12/2007,1,2,3,4,8,13,19,27,35,38,45,46,47,50,60,61,62,65,68,73,75,76
02/19/2007,1,2,7,12,13,17,18,25,27,31,33,36,37,42,46,49,57,58,65,67,69,71
02/26/2007,1,4,7,12,16,30,32,38,40,42,45,49,51,53,57,64,68,73,74,75,76,80
03/05/2007,5,9,11,14,17,19,21,22,26,28,32,33,36,45,46,47,48,49,51,65,70,80
03/12/2007,3,4,5,6,7,12,21,23,25,29,38,39,45,54,56,61,66,67,68,71,78,79
03/19/2007,4,10,12,13,19,24,30,31,33,37,43,45,49,50,55,57,66,69,71,72,76,78
03/26/2007,1,2,4,13,14,16,18,20,21,33,34,35,38,39,43,45,54,60,66,74,78,79
04/02/2007,6,7,17,19,21,24,29,30,32,35,36,38,54,58,59,60,62,63,65,74,79,80
04/09/2007,6,9,14,15,21,34,35,36,41,45,46,49,52,58,61,67,68,71,73,75,77,79
04/16/2007,3,5,9,10,11,13,16,19,21,23,26,31,34,44,48,49,50,52,55,57,73,80
04/23/2007,2,3,10,12,13,15,19,25,33,35,36,37,38,44,47,51,56,60,61,70,73,78
04/30/2007,2,4,5,8,9,10,17,20,23,24,30,32,35,42,44,47,51,59,60,62,69,75
05/07/2007,1,18,19,24,25,27,29,36,37,39,41,50,51,52,56,58,61,67,70,73,76,77
05/14/2007,1,18,23,24,30,38,45,47,49,50,54,56,57,61,64,68,71,72,73,75,78,80
05/21/2007,6,12,13,16,17,18,22,24,28,30,33,43,44,46,49,52,57,60,64,75,79,80
05/28/2007,6,9,17,21,25,28,31,32,34,35,36,39,52,54,55,56,57,63,71,72,73,75
06/04/2007,1,2,3,11,12,15,16,21,22,25,26,27,30,32,40,42,43,50,58,67,71,74
06/11/2007,4,5,9,11,12,17,19,23,38,49,51,53,58,60,65,66,69,70,74,75,78,79
06/18/2007,5,6,17,18,19,21,22,27,33,36,40,45,54,57,62,73,74,75,76,77,79,80
06/25/2007,5,9,13,17,22,25,26,40,46,48,49,51,57,58,61,62,63,72,73,75,76,78
07/02/2007,3,5,6,13,14,16,17,21,23,24,27,29,31,35,39,40,44,58,68,71,73,78
07/09/2007,2,3,7,11,12,13,14,16,17,23,31,35,40,41,43,46,49,56,61,65,76,77
07/16/2007,1,4,9,13,16,23,28,29,34,36,43,48,50,52,56,59,61,63,64,65,70,77
07/23/2007,4,9,10,13,14,19,22,23,25,34,38,41,46,49,53,54,55,57,59,62,67,77
07/30/2007,1,3,4,6,7,12,19,22,30,38,41,48,52,58,59,65,69,71,74,77,78,79
08/06/2007,2,6,13,22,23,27,34,37,41,44,50,52,53,57,58,59,64,67,69,73,74,77
08/13/2007,2,3,8,13,22,24,25,26,28,31,34,36,40,58,60,61,62,64,69,70,72,73
08/20/2007,3,4,8,17,18,23,24,28,34,36,37,39,44,51,57,62,64,68,74,76,77,80
08/27/2007,4,5,9,14,17,21,31,32,37,38,41,48,52,56,58,60,66,68,70,72,73,74
09/03/2007,4,5,8,10,11,13,14,17,22,23,31,34,41,46,48,49,53,58,61,65,68,75
09/10/2007,6,11,16,18,19,21,24,25,28,30,36,38,41,43,49,50,52,56,57,60,79,80
09/17/2007,6,10,12,13,21,23,27,31,35,37,39,44,47,48,51,52,63,64,65,69,72,78
09/24/2007,5,6,8,9,11,12,13,16,18,30,31,34,39,42,43,49,56,57,63,64,67,72
10/01/2007,8,9,10,14,15,17,19,20,24,25,26,27,39,42,47,50,53,60,68,71,74,76
10/08/2007,6,16,18,20,29,34,35,38,41,42,43,46,49,57,58,60,67,70,75,77,79,80
10/15/2007,6,12,14,20,21,23,27,28,30,35,42,44,48,49,50,57,61,63,64,68,74,78
10/22/2007,6,10,15,16,22,24,26,27,28,33,38,39,41,43,53,55,59,60,70,71,75,79
10/29/2007,3,4,6,11,23,24,25,26,32,40,44,46,49,57,61,65,66,67,68,70,75,76
11/05/2007,3,10,13,20,21,23,25,27,32,35,37,38,46,49,52,62,65,68,70,73,74,75
11/12/2007,3,4,6,7,10,12,13,29,36,41,42,44,47,50,54,56,59,60,66,67,74,78
11/19/2007,1,16,20,23,26,28,29,30,32,37,38,44,52,53,56,57,58,61,62,72,73,77
11/26/2007,7,9,17,19,20,24,25,38,39,40,42,44,47,50,51,59,63,67,69,74,76,79
12/03/2007,3,4,5,6,9,12,14,18,28,31,38,40,45,48,51,52,56,64,67,68,71,78
12/10/2007,5,7,8,15,16,23,25,26,31,35,37,39,41,44,45,48,57,65,68,69,73,80
12/17/2007,2,10,11,15,16,18,20,21,25,29,33,35,42,46,50,51,52,59,62,63,76,77
12/24/2007,4,5,7,21,25,26,29,36,37,43,45,46,47,59,61,62,66,67,68,70,77,79
12/31/2007,1,7,9,11,15,16,20,28,40,42,50,52,55,57,60,62,67,69,71,72,77,78
01/07/2008,3,9,10,14,19,23,26,29,30,31,32,33,38,49,52,59,67,68,73,74,78,80
01/14/2008,11,12,15,16,19,23,27,34,36,40,41,45,51,52,56,57,61,62,64,68,76,77
01/21/2008,2,5,6,9,12,17,20,23,24,28,31,34,37,39,43,46,48,56,57,60,68,78
01/28/2008,5,6,16,19,21,31,37,38,39,41,42,44,48,51,53,55,60,65,66,73,75,79
02/04/2008,4,7,10,14,15,17,26,35,42,43,44,45,51,53,66,67,68,70,71,76,77,80
02/11/2008,2,11,18,19,24,28,29,33,42,47,52,54,56,57,59,64,68,69,75,77,79,80
02/18/2008,1,2,6,7,8,13,17,24,25,29,37,41,44,48,50,54,55,66,73,75,76,77
02/25/2008,8,9,11,12,15,17,18,21,28,30,33,34,35,36,41,42,50,65,67,71,77,80
03/03/2008,2,3,4,8,11,13,17,19,20,30,32,34,41,45,47,51,53,63,66,67,73,78
03/10/2008,1,6,11,12,14,15,19,24,27,36,40,42,45,46,48,54,60,63,69,71,73,76
03/17/2008,4,22,23,25,27,30,37,46,47,53,56,63,64,67,69,70,71,73,74,76,78,79
03/24/2008,2,7,8,10,12,13,14,24,34,35,36,37,39,42,56,59,62,64,69,70,74,77
03/31/2008,3,10,16,22,23,25,26,30,32,34,37,44,49,50,53,54,55,56,68,70,74,76
04/07/2008,5,9,11,12,14,33,34,41,42,46,48,49,50,53,56,57,58,59,62,63,66,75
04/14/2008,7,8,21,25,30,32,34,39,40,42,50,51,52,56,58,64,65,66,69,72,78,79
04/21/2008,1,5,7,15,17,21,26,27,28,30,34,38,47,50,51,52,56,58,62,64,67,78
04/28/2008,1,5,20,27,28,33,35,39,44,46,51,55,58,59,60,61,64,71,73,75,76,80
05/05/2008,4,5,11,13,15,24,27,29,30,31,32,36,37,49,52,55,58,67,72,73,76,80
05/12/2008,1,2,4,7,9,19,22,34,36,41,49,50,51,56,57,59,62,65,67,70,72,80
05/19/2008,1,7,13,15,19,32,34,36,38,40,46,51,53,54,57,63,69,72,73,75,77,79
05/26/2008,3,7,17,19,23,27,36,45,49,50,51,54,56,57,62,65,66,71,73,75,76,79
06/02/2008,4,5,12,14,23,24,31,33,35,37,40,42,43,44,45,49,60,63,66,68,69,71
06/09/2008,3,4,5,10,11,12,14,15,19,20,31,40,48,49,56,58,62,63,76,77,78,80
06/16/2008,2,4,5,8,10,15,24,26,30,38,42,45,51,52,54,58,59,61,68,71,74,77
06/23/2008,3,6,9,10,14,18,19,22,26,29,31,32,33,35,37,44,49,55,61,70,71,77
06/30/2008,4,5,7,11,12,22,23,24,25,30,34,38,39,44,49,50,57,66,67,70,74,77
07/07/2008,1,2,5,7,9,14,17,20,31,37,38,40,42,48,53,60,61,63,71,72,75,78
07/14/2008,6,7,9,12,25,27,31,33,39,42,48,53,54,56,58,63,66,67,68,73,76,77
07/21/2008,1,3,8,12,20,21,23,29,32,34,38,40,46,48,49,50,52,59,69,73,75,77
07/28/2008,3,5,10,11,15,17,18,20,29,30,39,42,47,48,50,51,54,62,64,65,69,71
08/04/2008,7,14,16,19,28,30,32,33,35,36,37,43,46,50,52,58,63,68,69,72,75,76
08/11/2008,6,7,15,16,22,25,27,33,40,41,42,46,47,54,56,59,62,64,67,70,71,79
08/18/2008,4,6,8,12,16,21,29,34,35,39,41,42,47,53,54,57,59,64,69,71,72,78
08/25/2008,4,9,22,23,24,27,32,36,40,41,44,48,49,53,54,57,59,61,63,65,66,68
09/01/2008,3,6,11,15,16,18,24,36,37,41,43,45,46,48,56,60,62,63,64,69,74,77
09/08/2008,1,7,18,25,26,28,30,32,36,38,39,42,44,45,51,52,53,54,57,59,64,65
09/15/2008,2,4,10,19,22,24,25,31,34,42,45,47,54,59,62,66,68,69,71,74,75,77
09/22/2008,2,5,9,13,14,17,22,24,29,33,34,41,43,48,50,56,58,66,70,73,75,77
09/29/2008,5,8,12,14,18,19,22,26,28,30,32,35,36,42,44,51,55,57,62,68,77,80
10/06/2008,2,5,8,19,22,25,29,30,31,34,35,36,40,44,48,50,55,64,69,72,73,78
10/13/2008,2,4,10,13,17,21,23,28,30,36,37,39,40,41,44,46,47,61,65,69,73,78
10/20/2008,4,8,9,14,15,16,19,21,26,29,31,32,35,40,42,43,45,53,56,57,71,76
10/27/2008,1,4,12,14,20,33,36,37,43,44,47,50,56,58,59,64,67,68,69,70,71,74
11/03/2008,2,4,6,7,10,12,16,21,23,34,36,37,42,44,51,52,53,57,65,68,72,80
11/10/2008,1,3,4,23,24,25,33,36,38,39,40,43,44,51,54,67,69,70,72,73,76,79
11/17/2008,2,4,6,12,13,15,18,19,24,26,36,37,48,51,54,57,59,63,66,68,75,77
11/24/2008,3,9,10,15,18,22,30,34,35,37,43,44,46,47,54,57,58,62,66,71,72,74
12/01/2008,1,7,8,11,13,15,16,22,27,31,34,35,41,43,44,46,47,60,62,65,68,73
12/08/2008,4,6,7,8,13,16,23,31,34,37,38,40,43,48,51,57,62,66,69,71,77,79
12/15/2008,1,11,13,15,20,26,28,29,33,35,36,44,45,46,47,54,56,59,69,72,73,75
12/22/2008,1,11,14,19,22,23,27,32,36,40,42,43,51,53,56,57,60,61,64,74,77,78
12/29/2008,5,7,8,9,10,15,21,27,30,31,40,45,46,47,53,59,60,64,67,69,70,80
01/05/2009,5,8,12,21,22,27,28,29,32,43,46,47,55,56,60,61,64,69,70,74,75,79
01/12/2009,5,12,21,22,24,29,32,41,43,45,48,51,52,53,54,56,57,60,63,64,69,79
01/19/2009,4,5,12,14,15,28,34,42,43,45,47,50,51,59,67,68,69,73,74,75,77,79
01/26/2009,11,12,20,24,28,31,33,39,41,42,43,45,50,55,57,59,60,63,67,70,72,78
02/02/2009,5,10,12,14,15,16,17,18,26,27,31,42,43,46,50,55,59,73,76,77,78,80
02/09/2009,1,3,4,7,11,13,15,17,21,22,26,35,36,40,44,51,53,68,71,74,76,79
02/16/2009,1,7,9,10,12,18,27,33,34,39,45,47,50,57,62,64,69,71,73,74,75,78
02/23/2009,1,5,9,11,13,14,22,23,24,25,26,34,37,38,39,43,44,48,50,56,59,60
03/02/2009,1,2,6,8,15,19,21,22,27,31,33,37,42,48,50,54,59,61,63,71,74,77
03/09/2009,9,11,16,17,19,22,24,25,31,32,35,36,41,44,56,57,60,62,66,70,74,78
03/16/2009,2,5,9,12,17,24,25,27,33,35,38,52,55,57,58,62,64,65,74,77,78,80
03/23/2009,8,9,10,15,22,25,26,28,31,35,39,40,42,44,53,57,63,68,70,73,76,77
03/30/2009,2,4,5,11,12,15,17,18,20,22,33,35,38,53,55,60,61,62,66,72,73,76
04/06/2009,1,6,9,18,20,23,24,30,35,38,39,45,47,48,50,62,63,64,68,69,71,80
04/13/2009,2,4,5,6,12,17,18,29,31,38,41,45,48,51,52,58,60,61,68,69,71,80
04/20/2009,9,11,21,22,24,28,29,32,35,38,39,40,42,44,45,53,62,68,76,77,78,80
04/27/2009,1,2,4,10,13,18,24,26,37,43,45,46,48,52,55,63,66,68,72,74,78,79
05/04/2009,2,11,13,16,25,31,33,36,40,41,42,45,46,51,53,57,59,60,71,77,78,80
05/11/2009,3,9,11,18,24,25,26,27,29,32,33,35,45,46,49,51,53,58,61,62,71,74
05/18/2009,1,2,17,20,21,22,32,33,34,36,37,40,46,48,50,58,65,66,69,71,74,80
05/25/2009,2,4,8,9,17,18,27,31,38,39,41,43,49,53,55,65,66,69,71,75,77,79
06/01/2009,4,5,12,14,15,24,27,29,36,37,40,42,44,51,57,60,62,65,68,69,76,79
06/08/2009,2,3,5,9,12,15,21,22,26,30,33,42,44,47,49,54,55,60,64,66,69,74
06/15/2009,5,13,15,16,19,21,23,24,25,26,28,33,34,47,48,51,61,66,71,75,77,80
06/22/2009,1,2,16,17,27,29,33,38,39,42,44,45,47,51,52,55,64,65,66,70,71,72
06/29/2009,5,6,8,14,20,31,32,36,39,40,42,46,51,52,53,57,63,67,70,72,74,80
07/06/2009,2,3,10,12,16,17,18,21,22,23,25,26,27,39,41,46,53,59,67,68,70,77
07/13/2009,3,6,8,11,12,14,15,22,23,25,26,27,30,32,47,48,53,54,56,57,58,74
07/20/2009,11,12,16,20,22,23,25,28,30,34,35,37,39,45,48,49,54,60,66,69,72,80
07/27/2009,3,4,5,6,9,11,13,14,16,24,28,33,36,40,41,43,52,53,61,65,68,71
08/03/2009,2,4,7,8,10,13,17,21,29,30,34,40,45,50,54,62,63,69,72,73,75,76
08/10/2009,2,4,10,12,17,20,22,23,24,27,30,37,40,42,45,47,52,62,63,71,73,79
08/17/2009,1,10,15,18,20,26,28,32,33,36,37,41,43,44,45,51,61,65,68,71,78,80
08/24/2009,1,2,4,11,19,29,31,35,37,44,48,50,55,56,57,63,69,75,76,77,79,80
08/31/2009,4,7,9,12,13,18,19,23,24,33,34,35,36,44,46,55,56,65,67,71,76,78
09/07/2009,10,12,16,27,29,30,32,34,59,60,61,62,63,66,67,68,69,71,73,78,79,80
09/14/2009,4,9,11,13,16,21,25,32,38,43,46,47,52,56,59,61,64,65,66,74,75,79
09/21/2009,6,7,14,15,25,28,30,33,37,39,40,43,46,53,54,57,59,66,69,71,74,80
09/28/2009,1,2,3,11,12,16,21,26,27,32,33,34,39,42,45,48,49,59,61,67,73,75
10/05/2009,7,11,12,17,18,21,25,29,36,42,52,55,61,62,64,67,71,72,75,76,78,79
10/12/2009,4,5,6,10,11,12,15,17,23,24,26,29,32,34,36,40,43,44,51,59,61,74
10/19/2009,2,4,7,10,18,23,32,36,44,45,46,48,50,55,56,57,58,61,63,64,71,79
10/26/2009,2,12,17,18,19,20,25,33,45,46,48,50,54,61,62,65,69,70,72,73,74,77
11/02/2009,4,7,22,27,28,35,37,40,44,46,50,51,56,57,60,61,63,68,71,72,76,79
11/09/2009,1,2,4,10,12,15,33,35,36,37,40,45,46,49,52,54,68,69,74,76,78,80
11/16/2009,1,8,11,12,13,19,21,26,30,31,33,34,37,42,50,53,58,62,70,74,79,80
11/23/2009,4,5,7,10,12,18,32,35,36,39,49,50,54,56,60,61,66,67,72,76,79,80
11/30/2009,1,5,7,10,12,14,18,19,29,30,35,36,40,44,54,66,67,69,75,76,78,79
12/07/2009,2,9,11,15,21,23,36,39,40,49,50,54,55,59,61,62,65,66,71,73,74,75
12/14/2009,5,6,7,8,9,18,20,23,24,26,27,28,31,44,51,57,59,60,65,70,75,77
12/21/2009,1,2,12,15,19,22,32,42,43,50,55,59,62,63,65,67,69,70,71,74,77,80
12/28/2009,3,7,9,18,20,22,24,27,33,48,50,53,59,62,64,65,68,72,73,75,76,79
01/04/2010,1,2,10,17,21,27,28,29,31,43,49,51,54,55,58,60,62,64,69,72,77,79
01/11/2010,15,17,24,25,33,36,40,44,47,50,55,56,57,58,59,60,65,67,69,75,79,80
01/18/2010,1,5,11,13,15,21,24,25,27,28,35,38,40,44,45,62,70,71,72,74,77,79
01/25/2010,7,14,15,18,22,31,32,33,35,37,39,48,50,56,60,62,64,66,68,70,72,73
02/01/2010,2,3,6,10,11,14,27,33,34,38,42,45,46,48,51,53,56,57,59,64,70,79
02/08/2010,3,5,8,15,16,17,33,34,35,36,39,44,50,51,60,61,62,64,71,72,79,80
02/15/2010,1,11,12,13,14,17,19,22,25,27,34,41,42,44,47,48,49,57,67,73,77,79
02/22/2010,3,6,8,14,16,17,22,23,25,27,38,39,46,47,49,55,56,59,63,66,68,69
03/01/2010,1,2,3,10,17,21,24,34,35,38,41,48,53,54,56,57,59,60,64,71,73,79
03/08/2010,3,4,15,17,18,20,27,28,29,33,43,44,47,49,51,57,58,59,62,65,74,77
03/15/2010,1,4,9,11,13,15,16,21,27,30,34,36,41,44,48,54,61,70,73,74,75,80
03/22/2010,1,13,14,18,19,22,32,33,34,35,36,42,45,47,50,52,61,66,69,77,79,80
03/29/2010,3,6,10,11,14,20,21,23,31,34,35,36,38,55,56,62,68,69,75,77,78,79
04/05/2010,1,4,6,10,12,14,15,16,23,29,30,33,44,54,57,62,69,73,75,76,77,78
04/12/2010,1,3,16,17,20,26,31,32,38,39,41,42,43,48,49,53,60,67,75,76,78,79
04/19/2010,2,3,5,7,9,12,13,22,26,30,33,34,36,40,43,46,54,59,69,72,78,80
04/26/2010,1,2,3,6,9,10,15,24,25,31,35,36,41,43,44,47,51,57,62,66,68,75
05/03/2010,2,4,5,8,13,17,19,24,25,34,41,42,43,46,51,54,59,61,63,64,68,77
05/10/2010,1,3,4,15,21,24,25,29,33,36,44,50,51,54,59,61,62,65,66,68,69,76
05/17/2010,3,4,11,22,25,26,27,29,32,34,44,48,54,60,61,62,64,66,67,68,74,77
05/24/2010,2,3,4,5,9,14,16,17,19,23,36,38,48,50,51,53,62,66,72,74,75,80
05/31/2010,4,6,12,14,15,16,18,30,39,40,41,47,54,55,58,61,62,65,67,69,77,79
06/07/2010,2,7,12,14,16,21,29,32,35,36,39,45,46,50,52,53,54,62,67,69,78,79
06/14/2010,8,10,18,31,32,33,36,38,41,44,45,47,50,51,55,58,59,60,65,66,71,72
06/21/2010,3,7,16,23,26,30,35,36,37,38,39,42,45,50,54,59,61,70,72,75,76,79
06/28/2010,3,4,12,19,23,30,31,40,42,43,44,45,52,54,58,60,63,65,69,76,78,80
07/05/2010,1,4,7,11,13,17,19,29,32,34,35,42,43,53,55,58,62,63,66,67,71,73
07/12/2010,2,7,15,17,18,28,30,32,34,48,54,55,56,57,58,62,66,68,70,71,73,74
07/19/2010,3,5,7,14,15,17,18,22,26,28,29,35,41,42,43,63,65,66,67,69,70,79
07/26/2010,6,17,18,26,27,28,30,31,32,34,40,49,51,52,53,57,63,69,71,72,74,76
08/02/2010,3,4,7,8,10,15,19,22,27,29,36,37,38,44,59,62,66,68,69,70,71,80
08/09/2010,1,5,16,17,19,35,36,38,40,47,48,49,50,51,59,65,68,69,71,72,74,77
08/16/2010,4,7,10,12,21,26,30,31,37,42,43,44,47,51,52,54,66,69,71,75,78,80
08/23/2010,3,10,11,14,18,19,22,25,30,31,33,42,54,55,58,60,61,68,70,72,75,77
08/30/2010,2,5,8,16,19,23,32,34,36,38,43,44,45,47,49,51,58,61,63,68,76,78
09/06/2010,3,5,7,10,12,14,16,19,22,24,35,41,42,43,44,50,56,59,60,62,63,75
09/13/2010,1,6,11,12,16,19,20,26,30,35,36,39,49,50,59,61,63,65,68,69,75,76
09/20/2010,1,8,12,14,20,21,22,27,28,32,36,38,44,46,51,52,63,64,66,71,72,75
09/27/2010,1,2,4,5,8,9,10,13,16,17,21,22,30,34,49,51,57,64,68,72,75,76
10/04/2010,3,6,7,8,14,17,25,30,31,35,41,43,45,54,56,59,60,63,64,70,72,79
10/11/2010,1,9,11,15,26,29,32,35,36,43,45,46,47,48,52,59,60,68,71,73,75,76
10/18/2010,6,9,20,29,32,37,39,45,47,48,52,58,61,62,63,68,69,70,74,75,76,80
10/25/2010,3,6,7,10,12,19,20,26,28,35,38,41,42,43,48,50,51,54,64,73,74,79
11/01/2010,3,7,10,12,16,19,30,36,38,42,44,47,51,54,57,62,65,66,70,72,78,79
11/08/2010,3,4,5,6,7,9,14,17,21,26,27,31,38,39,41,47,49,57,60,62,69,72
11/15/2010,1,11,14,15,18,19,27,29,33,36,40,43,51,53,61,64,65,68,69,70,79,80
11/22/2010,12,14,15,21,27,28,29,30,38,43,53,56,60,63,64,65,67,70,71,73,74,79
11/29/2010,2,3,5,6,12,14,21,22,26,33,35,37,41,44,58,60,65,66,71,72,77,80
12/06/2010,3,8,14,16,19,21,24,25,27,32,37,42,45,59,61,62,65,73,75,77,78,80
12/13/2010,4,11,26,28,29,32,39,40,41,44,47,48,51,57,60,65,66,67,70,73,75,80
12/20/2010,6,8,11,13,21,23,26,31,33,34,35,39,41,45,46,52,53,56,69,73,75,78
12/27/2010,2,12,16,17,18,24,25,26,27,30,32,34,37,41,46,48,51,58,66,67,68,79
01/03/2011,2,3,4,6,18,21,23,31,33,34,36,38,42,45,46,49,51,58,60,70,78,80
01/10/2011,11,13,14,20,22,26,30,39,40,43,47,52,56,59,62,63,64,68,70,71,72,73
01/17/2011,3,8,15,25,36,37,39,40,41,42,54,55,58,59,60,61,64,65,70,72,74,78
01/24/2011,1,2,9,10,16,18,21,28,31,33,38,39,45,46,50,57,61,62,64,67,72,73
01/31/2011,3,6,11,12,17,20,21,25,26,29,30,34,43,49,53,57,58,61,64,72,76,80
02/07/2011,2,4,6,8,9,17,24,25,28,29,33,35,44,51,52,61,64,67,69,71,76,77
02/14/2011,3,5,11,12,17,24,26,31,33,34,36,41,46,50,51,55,57,66,67,72,75,79
02/21/2011,5,9,10,19,25,26,42,47,48,49,50,54,55,63,68,69,71,72,76,78,79,80
02/28/2011,1,3,9,14,16,21,25,26,27,36,37,38,39,40,42,50,58,62,63,65,75,79
03/07/2011,2,3,6,12,13,14,17,18,21,30,35,37,41,42,44,45,55,60,64,69,72,80
03/14/2011,3,7,10,16,19,20,21,24,25,29,35,36,37,38,43,44,46,55,59,60,71,73
03/21/2011,3,14,17,19,20,27,32,33,35,37,49,50,51,53,54,56,58,61,63,68,70,74
03/28/2011,1,4,10,15,17,22,25,32,33,34,45,53,57,58,60,61,67,68,72,74,79,80
04/04/2011,1,8,10,11,12,14,19,23,33,36,40,44,48,51,52,54,55,62,66,71,74,76
04/11/2011,3,7,17,18,22,24,25,28,32,36,38,39,40,42,43,44,50,51,60,69,70,79
04/18/2011,2,5,7,18,21,29,36,38,39,42,44,45,46,48,52,53,64,67,70,71,77,78
04/25/2011,5,14,19,22,26,27,32,36,38,45,48,49,51,52,56,61,64,67,70,71,73,78
05/02/2011,3,6,7,12,25,30,33,39,41,54,55,56,57,60,61,62,67,69,72,73,75,77
05/09/2011,1,2,4,5,15,19,21,31,33,38,39,43,47,48,51,56,58,64,67,68,72,79
05/16/2011,2,6,9,10,21,25,31,33,34,35,39,40,45,50,51,57,62,66,68,71,76,79
05/23/2011,3,4,7,10,11,13,25,33,35,38,44,45,47,51,54,59,61,63,64,69,73,79
05/30/2011,2,3,4,6,7,13,15,20,23,24,25,34,36,38,44,48,57,65,69,71,72,73
06/06/2011,1,2,8,12,18,20,22,25,30,37,38,44,45,47,55,61,62,69,73,76,78,80
06/13/2011,4,6,7,9,12,13,14,16,21,23,24,36,37,49,50,58,62,66,68,70,72,78
06/20/2011,1,3,6,16,17,18,24,29,34,35,44,46,49,50,54,60,63,65,66,74,76,80
06/27/2011,1,3,11,14,17,20,23,27,29,31,34,38,41,43,45,46,56,58,63,68,69,80
07/04/2011,3,4,5,7,8,15,21,27,30,31,33,38,41,46,50,53,56,58,62,67,70,78
07/11/2011,2,3,7,11,13,18,22,24,25,29,32,35,36,40,48,51,62,64,69,71,77,80
07/18/2011,1,5,7,11,15,21,23,26,29,39,41,44,47,53,57,62,65,69,70,72,78,79
07/25/2011,3,5,6,9,11,23,27,29,31,32,44,48,49,53,55,56,59,61,64,67,69,76
08/01/2011,3,4,7,9,13,14,17,23,24,28,29,30,37,38,44,49,51,56,61,62,73,80
08/08/2011,1,3,4,8,9,13,14,15,25,26,28,29,35,39,42,43,49,50,53,61,66,79
08/15/2011,3,4,11,12,26,28,30,35,36,37,38,42,43,46,55,63,69,70,74,76,78,79
08/22/2011,1,2,4,9,13,19,20,21,23,27,33,39,43,45,48,50,58,59,64,66,68,71
08/29/2011,8,11,17,19,24,30,32,38,41,43,48,49,51,54,56,59,61,66,71,73,75,78
09/05/2011,5,7,8,11,15,16,28,33,41,44,48,53,54,56,57,59,60,68,69,71,79,80
09/12/2011,4,5,7,11,12,15,23,24,36,38,40,41,42,50,51,60,62,63,66,69,78,79
09/19/2011,5,8,11,13,14,16,18,21,24,30,36,38,41,48,55,56,58,59,60,75,76,80
09/26/2011,10,14,21,23,26,27,29,32,38,39,42,44,46,48,54,56,63,65,72,74,78,79
10/03/2011,3,5,7,12,14,19,30,36,37,39,41,44,45,54,63,65,66,67,70,71,72,80
10/10/2011,2,5,8,10,12,15,23,24,25,36,40,41,46,48,50,54,62,65,67,72,73,78
10/17/2011,3,5,6,8,14,18,21,22,28,40,42,43,44,46,47,51,52,56,57,58,59,70
10/24/2011,10,11,13,15,16,17,20,22,24,28,29,32,35,41,52,53,58,59,69,72,73,78
10/31/2011,4,5,9,12,22,23,33,35,39,47,52,53,56,59,63,64,69,71,74,76,78,80
11/07/2011,3,17,18,19,22,24,25,26,31,38,43,46,50,52,54,55,58,67,69,71,73,75
11/14/2011,2,4,8,10,20,22,23,24,28,32,34,42,44,48,52,55,58,60,61,69,72,78
11/21/2011,4,9,10,19,21,31,37,40,43,47,48,53,55,58,61,64,65,67,68,69,78,80
11/28/2011,9,13,16,18,23,26,27,33,36,46,50,51,52,54,55,62,63,64,66,67,73,77
12/05/2011,1,9,10,13,18,20,21,24,28,32,38,39,40,43,44,53,57,60,62,69,70,76
12/12/2011,1,7,13,16,18,23,31,33,34,37,43,46,49,52,53,54,55,58,65,66,68,70
12/19/2011,10,12,13,19,20,21,27,36,37,42,46,50,52,53,58,63,65,66,68,70,72,78
12/26/2011,11,14,20,21,22,23,24,26,27,31,33,34,44,48,49,60,61,63,67,68,76,78
01/02/2012,1,2,12,13,19,20,21,25,32,33,35,38,39,52,54,62,63,70,73,74,76,77
01/09/2012,3,4,14,17,18,21,24,28,33,41,43,52,55,56,58,59,61,64,66,68,72,77
01/16/2012,3,4,7,8,13,18,19,20,26,29,30,36,39,41,42,47,49,51,58,63,64,80
01/23/2012,1,3,5,11,14,17,19,21,25,26,28,30,34,35,37,40,46,57,66,71,77,78
01/30/2012,3,7,8,9,12,14,15,22,28,30,43,45,48,51,53,54,55,58,64,65,71,79
02/06/2012,5,19,21,26,27,30,33,38,43,44,48,54,56,57,59,62,63,65,66,68,69,78
02/13/2012,1,3,7,13,17,18,21,25,27,29,31,35,39,42,50,53,60,61,65,68,75,80
02/20/2012,2,3,7,10,14,16,19,21,28,41,42,47,54,55,59,63,67,70,74,76,78,79
02/27/2012,2,7,14,15,18,20,24,36,37,38,46,49,60,61,67,68,71,73,76,77,79,80
03/05/2012,8,9,10,12,17,19,25,28,31,37,40,47,48,50,53,57,58,66,67,69,74,76
03/12/2012,2,12,14,18,21,24,27,28,38,40,42,45,49,53,58,59,60,64,66,76,79,80
03/19/2012,8,11,13,18,19,20,22,30,39,42,47,48,51,53,62,63,64,66,73,74,75,78
03/26/2012,7,11,12,15,16,17,19,21,24,27,31,34,35,46,47,52,55,56,60,66,72,78
04/02/2012,4,5,19,20,21,23,24,26,33,41,48,50,51,53,56,59,60,61,71,73,75,77
04/09/2012,5,8,11,23,28,34,35,36,37,38,39,43,45,46,47,49,51,56,65,72,75,77
04/16/2012,5,14,19,23,25,27,29,32,35,41,42,44,47,51,54,58,63,68,75,76,78,80
04/23/2012,1,2,5,8,13,15,17,19,20,21,22,24,30,37,46,56,60,62,72,74,76,77
04/30/2012,1,3,5,7,17,24,27,31,35,39,40,45,46,52,53,59,60,62,67,71,74,77
05/07/2012,3,7,10,14,18,19,21,24,26,30,34,35,44,51,53,57,61,63,65,67,69,75
05/14/2012,3,6,9,11,13,19,20,26,28,34,38,41,43,45,46,49,52,59,60,68,73,74
05/21/2012,2,3,5,8,10,15,18,21,22,24,25,26,31,32,40,48,59,62,65,67,74,78
05/28/2012,4,7,8,11,24,28,34,37,40,41,44,45,46,47,48,53,54,55,62,68,76,78
06/04/2012,4,11,14,16,18,25,27,28,29,30,32,41,43,45,48,51,57,64,65,67,69,77
06/11/2012,3,11,12,20,27,29,30,32,35,40,44,45,54,56,57,62,66,71,72,76,78,80
06/18/2012,10,14,15,20,22,26,32,34,39,44,45,49,53,54,57,58,64,66,70,74,75,76
06/25/2012,1,5,14,18,23,31,33,35,42,46,47,49,55,58,59,63,66,69,74,77,79,80
07/02/2012,6,8,9,19,29,35,36,39,44,47,48,50,52,53,54,58,60,62,63,74,77,78
07/09/2012,7,14,18,21,22,25,29,31,37,45,48,53,54,58,60,61,64,66,67,71,72,75
07/16/2012,2,9,10,15,19,22,24,26,36,37,41,47,50,54,56,57,58,62,71,75,79,80
07/23/2012,1,3,4,9,11,14,16,26,30,32,39,40,42,45,47,50,53,56,57,58,68,71
07/30/2012,2,3,4,8,16,23,24,26,27,32,37,45,47,49,50,51,54,56,66,72,75,77
08/06/2012,2,3,5,7,8,10,16,20,24,27,28,31,39,41,51,56,60,66,69,70,71,72
08/13/2012,2,3,12,15,16,20,21,26,29,32,35,39,40,43,46,58,61,63,65,68,76,77
08/20/2012,9,10,11,16,17,19,20,23,27,30,31,37,38,43,45,47,55,57,61,66,74,76
08/27/2012,1,2,4,11,19,25,26,27,28,30,33,35,37,42,44,49,53,56,58,69,73,76
09/03/2012,5,6,16,18,20,26,27,28,35,39,42,45,48,50,53,58,60,67,72,75,76,78
09/10/2012,3,5,6,9,10,13,17,18,23,26,28,30,35,38,39,42,43,45,50,61,64,66
09/17/2012,8,10,13,16,19,22,30,34,39,40,41,43,44,50,55,58,61,62,66,68,69,80
09/24/2012,2,7,12,20,22,23,30,32,33,36,43,53,54,57,58,63,64,66,67,78,79,80
10/01/2012,2,4,6,10,14,18,19,25,26,27,28,30,35,38,43,48,49,57,58,71,74,80
10/08/2012,7,12,13,16,18,22,30,35,43,46,47,48,50,52,54,56,59,69,70,71,72,75
10/15/2012,6,7,10,15,16,17,20,27,34,37,38,44,49,52,62,64,66,68,69,73,76,77
10/22/2012,3,4,8,14,18,19,25,28,29,35,38,39,41,42,44,50,54,55,57,64,72,77
10/29/2012,2,6,7,12,14,20,26,33,36,41,45,47,52,53,58,64,68,69,73,74,76,77
11/05/2012,1,3,5,7,8,10,12,17,18,19,20,28,30,34,35,43,47,56,57,59,66,76
11/12/2012,2,3,4,14,15,18,24,30,31,43,56,57,58,59,60,62,63,64,66,70,71,79
11/19/2012,1,17,19,21,24,26,33,35,37,38,39,43,46,48,55,56,57,58,66,69,75,78
11/26/2012,2,7,9,10,11,13,18,28,29,35,38,42,47,50,51,56,57,59,69,71,78,80
12/03/2012,1,5,6,9,13,23,29,31,36,37,39,40,49,50,53,63,65,66,71,75,78,80
12/10/2012,5,6,12,13,16,18,20,21,24,29,32,35,45,56,57,62,64,65,71,72,74,77
12/17/2012,1,6,7,11,14,16,20,23,25,26,27,30,32,34,36,39,42,53,67,71,72,76
12/24/2012,3,5,9,13,14,16,20,23,25,30,31,33,44,49,56,57,59,63,65,70,76,78
12/31/2012,4,7,8,12,15,25,27,33,35,36,37,39,40,41,52,62,65,70,72,73,74,78
01/07/2013,2,5,9,12,13,16,28,31,33,37,45,47,48,50,53,57,59,64,67,68,75,79
01/14/2013,4,7,10,12,13,16,29,33,35,36,40,44,46,53,55,57,59,60,64,72,75,77
01/21/2013,2,3,9,15,16,18,19,23,27,33,38,42,46,50,55,57,61,62,66,68,75,77
01/28/2013,4,11,12,15,17,23,25,26,29,32,33,34,35,36,38,49,50,56,58,63,70,75
02/04/2013,1,2,6,7,10,22,26,28,34,40,51,56,58,61,62,67,68,69,71,74,75,76
02/11/2013,4,8,14,25,27,28,37,39,48,51,55,60,61,62,65,67,68,69,72,77,78,79
02/18/2013,6,12,17,18,25,26,28,30,33,35,39,42,44,45,46,49,50,53,55,66,69,78
02/25/2013,2,4,5,6,8,11,14,17,22,26,31,34,35,36,45,52,55,59,66,69,72,73
03/04/2013,3,14,19,20,26,28,32,38,39,40,41,42,43,45,48,55,59,68,74,75,76,80
03/11/2013,3,12,19,21,36,37,39,43,47,49,53,57,61,63,64,65,67,68,69,76,79,80
03/18/2013,2,4,7,8,10,18,19,23,24,27,30,39,40,42,50,55,59,64,67,73,74,76
03/25/2013,3,5,6,18,24,30,33,36,37,38,39,42,45,46,49,50,55,57,59,60,61,76
04/01/2013,1,3,5,8,10,14,17,19,26,31,32,36,38,40,43,49,57,65,73,76,79,80
04/08/2013,7,11,12,14,17,20,23,27,28,32,42,43,46,48,55,58,59,62,64,67,70,74
04/15/2013,6,10,12,15,16,20,21,23,27,28,29,30,32,34,36,37,38,50,51,59,64,68
04/22/2013,1,2,4,5,9,11,12,16,20,21,23,24,25,32,50,55,58,60,64,68,73,76
04/29/2013,1,2,9,13,15,17,25,26,29,31,33,35,41,42,48,60,66,71,77,78,79,80
05/06/2013,2,12,15,18,22,23,26,29,41,46,52,57,60,61,64,71,72,74,75,76,78,79
05/13/2013,3,5,6,8,17,24,30,35,39,41,42,44,52,56,62,64,65,68,70,72,76,79
05/20/2013,10,11,18,27,35,36,41,42,45,47,48,53,54,55,59,60,63,64,70,71,74,79
05/27/2013,4,7,8,15,19,21,22,27,34,35,38,43,48,55,61,62,69,71,72,74,76,77
06/03/2013,2,7,15,19,24,26,28,29,30,31,33,39,40,44,47,50,57,62,68,71,74,76
06/10/2013,4,17,18,19,22,23,24,27,38,42,45,47,51,57,58,61,63,65,66,70,72,76
06/17/2013,1,3,5,7,16,17,18,26,31,36,44,46,49,50,52,54,58,62,67,68,73,76
06/24/2013,2,3,9,11,12,14,16,18,24,26,36,37,38,49,51,52,63,65,70,72,74,79
07/01/2013,2,3,4,6,8,10,13,17,22,27,34,36,48,51,52,58,66,70,76,77,78,79
07/08/2013,2,4,12,17,22,24,27,30,35,38,40,42,46,56,60,62,64,66,68,71,78,79
07/15/2013,2,7,10,13,17,22,26,27,29,30,35,36,37,39,47,52,54,58,59,62,66,78
07/22/2013,2,4,6,17,21,27,29,32,33,34,35,39,41,44,53,59,60,61,68,70,71,75
07/29/2013,1,2,10,17,18,20,21,32,33,37,41,48,52,58,59,60,63,64,65,69,70,72
08/05/2013,4,7,11,13,14,17,23,27,31,33,39,40,41,42,46,49,54,56,64,66,69,70
08/12/2013,1,12,14,17,18,21,24,28,33,36,37,46,60,62,64,65,74,75,76,77,78,80
08/19/2013,7,20,24,27,29,30,32,34,35,39,42,46,49,50,56,57,60,61,65,66,69,78
08/26/2013,3,5,8,9,14,15,24,27,29,30,34,35,45,46,49,50,53,56,59,67,72,79
09/02/2013,4,5,7,22,23,26,29,32,34,35,43,44,49,50,56,61,65,68,73,75,77,78
09/09/2013,8,12,14,17,18,20,30,39,49,50,51,52,55,57,59,61,62,63,65,66,67,72
09/16/2013,1,3,7,9,10,11,12,14,16,18,20,25,33,34,37,38,44,46,48,56,63,77
09/23/2013,2,3,4,5,8,10,11,12,16,30,32,36,38,41,47,48,53,55,59,62,63,73
09/30/2013,3,5,10,13,15,17,20,21,22,24,28,31,36,39,42,54,55,58,64,73,75,79
10/07/2013,1,3,17,22,30,35,38,39,43,46,47,48,61,62,64,66,71,72,74,75,76,77
10/14/2013,2,4,8,9,10,11,12,13,23,27,30,38,44,47,48,58,61,68,69,74,77,79
10/21/2013,3,9,13,14,24,26,27,28,29,32,34,38,47,49,54,55,58,59,72,73,74,75
10/28/2013,8,10,11,12,16,19,24,28,31,39,42,44,49,52,55,56,58,61,65,75,76,77
11/04/2013,1,7,9,12,13,17,20,31,32,33,40,46,56,57,59,61,65,68,77,78,79,80
11/11/2013,4,5,6,12,29,30,34,37,38,39,42,45,47,49,52,54,55,56,59,66,72,79
11/18/2013,7,11,14,15,18,24,28,30,33,39,43,57,61,62,63,65,66,69,73,75,78,80
11/25/2013,1,3,4,7,21,23,24,26,27,29,36,45,50,51,53,59,62,63,64,67,73,75
12/02/2013,1,2,3,4,9,12,19,21,22,23,30,33,34,37,42,43,46,63,65,70,74,79
12/09/2013,1,2,3,10,18,23,25,26,32,33,43,51,54,55,59,60,63,67,70,71,76,79
12/16/2013,1,7,10,11,17,20,26,28,29,32,33,37,38,43,44,45,46,48,52,64,73,80
12/23/2013,4,5,6,10,11,13,17,18,20,31,38,40,41,48,55,57,61,62,67,68,75,79
12/30/2013,4,11,19,25,33,38,39,41,45,48,49,51,53,54,58,62,63,65,68,76,78,80
01/06/2014,2,3,12,13,14,16,19,27,28,29,32,37,40,47,50,55,57,58,60,61,62,72
01/13/2014,3,9,15,17,21,29,32,33,34,41,42,47,49,50,54,57,59,61,67,68,77,79
01/20/2014,2,12,16,17,21,24,28,33,35,39,44,45,50,55,56,58,59,62,63,67,72,79
01/27/2014,3,7,14,16,23,24,28,29,39,41,45,46,48,55,60,65,67,69,71,74,77,80
02/03/2014,3,5,7,8,9,24,30,31,32,37,41,48,51,55,58,59,64,66,71,73,74,80
02/10/2014,2,3,7,14,16,26,28,32,37,38,42,46,54,56,60,63,64,73,74,75,77,80
02/17/2014,1,5,7,9,15,17,20,22,24,27,29,41,44,49,57,60,63,65,70,71,74,75
02/24/2014,1,8,10,11,15,19,21,27,28,35,41,42,43,46,47,50,51,63,70,71,75,79
03/03/2014,2,14,15,16,17,18,19,29,31,34,35,41,46,49,51,54,63,65,68,72,76,77
03/10/2014,1,3,4,18,23,24,26,29,31,33,35,43,47,51,53,55,56,57,62,64,66,68
03/17/2014,3,6,7,9,15,19,29,32,35,37,38,39,41,42,43,44,50,54,57,62,70,78
03/24/2014,5,7,8,9,10,19,20,22,27,32,40,42,46,50,57,60,61,67,68,75,78,79
03/31/2014,6,15,17,19,21,23,25,32,41,44,53,54,57,67,68,69,71,72,73,75,78,79
04/07/2014,1,3,6,7,14,19,21,23,24,29,31,34,36,37,38,43,51,58,60,72,77,79
04/14/2014,3,11,12,16,20,32,33,34,35,44,48,51,54,56,63,66,70,72,73,74,77,78
04/21/2014,7,8,17,20,21,25,31,35,39,42,44,45,49,55,58,60,62,63,65,69,79,80
04/28/2014,2,16,20,22,23,25,29,32,42,46,47,50,53,60,61,63,68,69,72,73,74,76
05/05/2014,9,18,19,20,28,31,33,34,45,50,52,55,59,61,64,65,67,68,70,74,76,79
05/12/2014,5,6,7,9,14,20,30,34,41,44,49,51,52,56,57,58,59,60,71,73,77,80
05/19/2014,4,5,6,8,9,13,15,25,27,35,42,47,48,49,52,59,60,63,70,73,77,79
05/26/2014,4,5,6,15,19,21,28,30,31,41,45,50,51,52,53,56,62,67,69,70,73,79
06/02/2014,2,3,5,11,14,22,24,25,26,27,29,30,35,38,39,45,61,62,70,71,72,76
06/09/2014,3,7,8,22,24,27,36,37,39,40,46,52,56,57,59,61,64,66,70,72,73,80
06/16/2014,2,8,10,11,12,15,16,18,20,24,26,33,36,43,49,55,57,63,69,76,79,80
06/23/2014,1,12,13,14,15,16,17,18,23,26,28,29,41,42,46,54,58,60,66,68,69,71
06/30/2014,1,5,9,10,18,24,27,35,36,38,41,44,50,51,53,56,57,64,66,69,70,77
07/07/2014,1,10,13,14,18,22,23,24,26,28,29,30,32,39,47,51,52,55,57,67,72,80
07/14/2014,1,7,12,17,21,25,26,31,37,38,40,41,42,43,44,53,55,66,67,75,76,78
07/21/2014,3,4,5,6,22,24,26,42,43,45,46,47,49,51,56,62,63,64,67,73,74,80
07/28/2014,3,4,7,8,10,11,14,17,23,28,37,41,43,44,45,47,48,50,54,58,73,78
08/04/2014,2,15,17,18,21,22,23,24,31,38,44,47,49,50,51,53,58,62,63,67,74,76
08/11/2014,1,4,10,16,22,23,25,26,28,30,31,42,43,52,53,60,62,64,66,68,69,77
08/18/2014,1,3,5,6,7,9,11,12,13,16,17,18,22,47,50,52,57,59,66,73,76,80
08/25/2014,2,5,11,13,15,16,21,22,26,32,33,36,43,46,47,61,63,64,66,73,76,80
09/01/2014,1,4,8,17,19,21,22,27,33,37,38,39,40,51,55,60,63,66,67,72,77,78
09/08/2014,9,15,23,32,34,42,47,49,50,51,52,57,60,61,65,68,72,74,75,76,78,80
09/15/2014,12,15,17,18,23,32,33,36,43,46,48,49,52,61,64,65,69,71,72,76,78,80
09/22/2014,1,2,6,11,13,14,19,24,25,46,47,48,49,53,55,56,57,60,63,68,73,78
09/29/2014,5,8,9,11,15,16,19,26,27,28,29,43,45,52,58,59,60,66,70,74,75,76
10/06/2014,4,11,12,15,18,23,25,28,33,34,35,36,39,41,42,44,49,53,55,59,68,78
10/13/2014,1,8,14,17,19,21,24,26,27,29,30,43,44,45,50,56,57,64,69,72,76,77
10/20/2014,2,5,9,12,14,17,19,20,25,33,34,37,55,60,61,62,63,64,68,70,73,74
10/27/2014,1,9,10,13,16,23,30,41,44,46,49,50,51,52,56,60,61,64,69,71,73,80
11/03/2014,1,2,3,6,10,14,15,21,22,28,30,41,43,46,49,50,52,59,65,66,68,79
11/10/2014,4,6,7,11,17,23,40,41,43,45,48,51,53,54,59,61,66,68,70,72,73,74
11/17/2014,4,9,13,16,18,23,25,26,28,35,39,40,43,46,51,52,53,57,60,64,73,77
11/24/2014,7,16,29,31,32,34,35,38,40,41,44,49,50,53,56,59,61,65,71,72,76,77
12/01/2014,1,10,16,22,26,36,38,39,41,46,48,50,56,59,61,64,67,68,70,71,76,79
12/08/2014,2,7,9,14,19,21,22,26,29,30,41,46,50,52,54,56,57,58,61,67,73,79
12/15/2014,7,12,15,18,19,23,24,28,35,46,48,53,54,55,56,60,64,65,72,74,77,79
12/22/2014,2,4,5,9,19,20,25,29,31,32,38,40,42,46,48,49,58,61,62,65,75,76
12/29/2014,1,5,11,18,21,22,28,29,42,43,51,57,61,62,63,64,65,74,75,76,77,79
01/05/2015,2,3,5,7,11,13,25,27,29,35,36,37,39,44,47,52,53,56,64,72,75,76
01/12/2015,2,5,6,10,14,17,19,21,28,33,40,43,45,49,52,55,59,63,66,67,78,79
01/19/2015,3,9,13,14,15,19,25,26,28,30,31,32,39,45,46,47,48,49,57,58,64,68
01/26/2015,3,13,17,20,27,28,29,30,33,34,37,40,42,43,44,47,50,56,64,70,74,76
02/02/2015,1,6,12,17,19,27,28,30,31,33,42,46,49,52,53,54,60,66,70,77,79,80
02/09/2015,1,4,9,11,12,13,25,26,29,37,38,39,44,52,57,60,63,71,72,73,78,79
02/16/2015,1,2,3,6,10,12,16,20,26,32,35,37,40,41,44,51,54,55,62,74,76,80
02/23/2015,4,7,8,16,17,18,21,22,29,33,40,42,47,48,55,61,63,68,69,72,76,78
03/02/2015,1,5,9,10,12,14,24,25,29,31,32,33,40,42,47,53,58,63,66,69,70,76
03/09/2015,12,14,22,27,28,33,34,40,41,45,48,49,51,58,59,60,64,66,68,73,74,79
03/16/2015,2,9,14,15,16,17,18,29,38,40,44,48,50,55,56,60,62,65,67,78,79,80
03/23/2015,3,5,6,9,11,16,17,18,21,24,31,36,39,46,50,51,60,64,68,71,73,78
03/30/2015,1,2,3,6,13,22,27,29,34,42,43,44,47,49,50,53,57,58,61,66,69,76
04/06/2015,1,4,5,8,9,13,16,25,26,38,39,41,45,53,62,64,65,67,69,74,75,78
04/13/2015,1,3,5,16,22,23,24,26,28,30,31,32,33,34,36,48,52,54,63,66,71,77
04/20/2015,3,10,11,12,13,18,20,23,27,30,32,35,42,44,46,49,52,59,68,69,71,73
04/27/2015,3,5,7,17,19,29,31,36,39,44,46,48,49,51,53,55,63,64,66,73,76,77
05/04/2015,3,6,10,15,19,20,25,28,33,35,46,50,52,54,57,63,69,72,75,76,77,78
05/11/2015,5,9,12,14,15,20,21,22,25,26,27,34,40,43,47,49,52,54,64,68,71,77
05/18/2015,1,7,20,22,30,31,34,41,43,48,50,55,56,60,63,68,69,73,76,78,79,80
05/25/2015,5,11,12,13,24,28,32,33,34,36,39,40,41,44,49,55,57,58,62,68,75,77
06/01/2015,6,15,20,21,25,26,27,31,32,37,38,39,40,42,49,54,56,58,60,68,72,75
06/08/2015,6,13,14,16,17,23,25,26,28,30,34,40,42,51,53,57,59,60,62,64,67,78
06/15/2015,5,10,18,19,21,25,27,29,31,33,35,43,44,45,65,71,73,75,77,78,79,80
06/22/2015,2,8,10,13,22,24,32,33,36,37,38,39,53,54,60,69,71,73,76,77,79,80
09/21/2015,6,7,8,11,12,24,26,34,36,37,44,46,51,52,60,68,69,70,73,74,76,78
09/28/2015,3,12,17,22,23,24,27,30,35,41,46,47,52,53,54,55,64,66,69,70,73,75
10/05/2015,5,6,10,14,16,21,23,26,29,33,37,42,49,55,65,66,67,68,70,73,74,77
10/12/2015,5,7,19,26,27,30,32,33,35,36,37,42,48,55,59,60,70,72,74,76,79,80
10/19/2015,3,5,6,8,11,20,23,25,26,33,34,37,38,42,48,51,57,59,62,69,70,77
10/26/2015,9,11,20,21,22,23,25,31,32,34,37,47,48,55,56,63,65,68,72,75,77,79
11/02/2015,2,5,6,9,17,18,29,31,34,39,41,47,50,53,54,60,63,64,69,72,76,79
11/09/2015,1,4,6,7,10,12,13,16,17,23,24,27,31,38,40,46,55,67,68,71,74,77
11/16/2015,2,3,7,9,10,14,15,29,33,35,39,40,48,49,51,52,58,61,74,76,77,78
11/23/2015,3,5,8,11,17,18,21,23,28,35,38,40,50,54,56,57,58,61,65,72,74,78
11/30/2015,3,4,6,7,9,18,19,21,22,35,37,49,54,55,57,60,69,70,71,72,74,77
12/07/2015,5,11,15,21,23,26,31,32,34,37,38,42,43,46,50,53,56,58,59,66,73,76
12/14/2015,3,11,14,15,19,20,21,28,30,33,34,37,46,54,57,60,65,66,67,70,72,78
12/21/2015,2,3,6,8,11,16,24,28,35,37,42,48,49,50,52,61,62,63,64,70,72,75
12/28/2015,3,4,5,6,16,21,22,26,28,29,38,42,45,46,53,66,68,69,71,73,75,78
01/04/2016,3,5,7,19,21,26,27,34,35,37,40,42,44,48,51,63,65,69,71,73,74,78
01/11/2016,2,5,6,12,16,18,20,25,28,36,38,45,46,53,54,57,58,64,65,66,73,78
01/18/2016,1,7,8,14,15,17,18,25,27,28,29,34,41,42,44,55,56,57,60,62,72,76
01/25/2016,3,4,5,16,18,20,21,23,26,28,30,35,37,41,43,50,53,65,69,73,76,77
02/01/2016,2,3,7,8,9,24,26,27,33,36,40,45,46,48,57,59,60,63,64,67,68,80
02/08/2016,1,6,7,11,13,19,22,31,34,35,36,40,41,43,45,50,51,57,58,61,62,63
02/15/2016,5,22,24,27,28,29,30,31,38,40,44,47,53,56,58,60,65,67,69,72,73,77
02/22/2016,3,4,5,8,12,18,19,24,25,26,27,28,33,34,39,46,49,52,54,56,71,80
02/29/2016,2,3,8,9,17,18,28,32,35,37,40,41,42,47,48,50,52,55,60,61,64,72
03/07/2016,1,3,10,12,14,15,20,21,23,27,29,30,37,41,42,53,54,56,57,59,63,68
03/14/2016,10,16,22,29,32,33,36,42,48,49,51,54,57,59,60,62,63,65,67,70,73,78
03/21/2016,5,6,13,15,17,21,32,38,41,44,47,49,50,54,55,63,64,65,74,76,78,79
03/28/2016,6,7,9,27,30,34,42,44,51,53,54,55,57,61,65,68,70,71,72,73,77,80
04/04/2016,2,7,14,15,17,20,26,28,29,35,37,38,40,52,54,56,62,67,70,72,78,79
04/11/2016,1,9,14,15,22,27,30,32,33,35,39,43,44,46,50,53,58,64,67,75,78,80
04/18/2016,1,3,5,10,11,16,17,18,24,33,47,53,55,56,64,65,68,69,72,76,77,80
04/25/2016,1,5,6,8,9,12,18,28,29,41,45,47,48,49,52,61,65,66,68,69,72,74
05/02/2016,3,6,9,10,12,13,20,24,26,27,28,30,35,38,40,46,51,56,60,64,70,72
05/09/2016,1,9,12,13,14,21,22,31,36,39,43,46,55,62,68,70,72,73,75,78,79,80
05/16/2016,3,13,18,20,21,28,29,30,31,34,40,45,46,49,56,57,61,62,70,71,77,78
05/23/2016,1,2,6,7,9,11,14,15,16,20,24,26,32,36,37,45,48,50,57,58,73,77
05/30/2016,2,4,6,10,12,17,18,23,26,27,28,30,49,58,60,61,62,71,72,73,76,80
06/06/2016,6,12,16,19,22,23,24,25,29,32,34,38,39,41,42,47,48,49,50,58,71,80
06/13/2016,3,7,8,9,13,22,23,29,34,37,39,40,42,45,47,57,59,67,69,74,77,79
06/20/2016,1,14,15,17,18,21,23,29,34,38,42,56,58,61,63,66,71,73,74,77,79,80
06/27/2016,12,14,21,22,24,32,33,34,41,43,45,47,50,52,54,55,61,62,64,69,71,74
07/04/2016,2,9,11,12,13,14,20,22,23,27,32,39,41,44,46,50,51,54,64,68,72,80
07/11/2016,1,3,4,8,10,11,20,23,29,34,37,48,50,51,57,61,62,63,65,68,71,72
07/18/2016,2,5,7,8,11,14,24,27,37,39,45,48,49,52,55,56,62,69,75,76,78,80
07/25/2016,1,2,3,7,10,13,17,18,26,37,38,39,43,44,47,52,56,61,63,64,66,75
08/01/2016,2,3,4,5,7,14,24,25,26,27,29,30,33,34,48,54,56,57,59,61,67,74
08/08/2016,2,3,12,13,19,31,33,35,37,38,44,46,47,50,52,60,71,72,74,75,77,79
08/15/2016,3,7,8,9,10,11,16,18,23,24,25,37,39,42,44,55,60,64,68,75,77,78
08/22/2016,4,6,9,10,15,16,20,28,34,37,45,47,50,54,61,62,65,67,68,69,70,74
08/29/2016,4,8,16,20,24,25,26,28,39,41,47,55,57,59,61,64,65,68,72,73,78,80
09/05/2016,4,5,6,8,17,19,21,22,26,28,33,34,40,41,43,48,51,55,58,63,66,70
09/12/2016,8,13,15,20,21,24,25,26,28,34,37,42,45,46,50,51,55,62,64,70,71,78
09/19/2016,11,15,17,19,20,21,27,33,35,37,40,42,52,53,55,63,64,65,70,74,75,78
09/26/2016,1,2,4,6,16,18,21,23,24,25,26,28,31,44,54,60,64,65,66,68,71,79
10/03/2016,3,4,15,16,18,21,26,31,36,38,44,46,50,57,60,61,62,63,65,68,70,77
10/10/2016,7,10,12,13,14,15,17,21,29,39,40,45,53,55,59,60,62,63,69,70,71,80
10/17/2016,2,3,11,12,15,16,20,22,23,35,41,42,47,50,52,56,60,63,68,73,74,76
10/24/2016,5,7,11,13,15,17,22,34,36,42,44,46,48,51,57,63,64,65,69,72,73,78
10/31/2016,1,2,8,11,13,15,20,24,28,29,33,36,40,43,50,57,59,60,61,63,65,72
11/07/2016,4,5,6,10,17,23,24,25,29,31,39,41,42,46,48,52,53,54,70,71,74,75
11/14/2016,2,5,10,11,13,19,22,27,30,36,38,39,47,56,58,59,60,61,66,72,77,78
11/21/2016,1,3,5,6,7,8,11,15,39,40,48,49,57,58,60,66,69,70,72,74,78,79
11/28/2016,3,9,11,14,25,33,36,37,40,45,47,48,51,53,54,59,61,64,65,72,78,80
12/05/2016,6,7,11,15,17,19,23,24,29,31,32,34,40,43,51,54,59,61,66,73,76,77
12/12/2016,2,3,5,10,11,14,20,21,22,24,29,36,40,46,53,56,57,59,65,66,75,77
12/19/2016,4,6,7,10,15,18,19,23,25,26,34,35,36,37,39,52,54,63,67,69,71,74
12/26/2016,4,5,8,9,28,31,33,34,50,52,55,58,59,62,64,71,72,75,76,77,78,80
01/02/2017,1,10,13,16,18,20,41,45,47,48,52,55,56,57,58,63,65,66,67,71,72,79
01/09/2017,3,11,12,15,24,26,27,28,34,36,39,53,56,59,62,63,65,70,75,77,78,80
01/16/2017,4,6,7,11,13,18,23,27,29,34,41,45,50,51,52,59,67,69,73,74,75,79
01/23/2017,5,9,10,20,25,26,27,34,38,39,40,44,47,53,55,62,64,66,70,71,74,80
01/30/2017,1,3,6,9,18,21,29,33,38,39,45,46,49,53,57,62,65,69,72,74,76,80
02/06/2017,2,7,8,12,17,19,23,24,26,31,35,40,45,47,49,56,58,60,61,73,75,80
02/13/2017,4,5,7,17,20,26,27,28,29,38,39,42,44,52,54,56,60,65,72,74,75,78
02/20/2017,4,9,12,15,17,19,26,28,29,32,33,35,40,42,45,46,52,55,59,65,69,76
02/27/2017,9,11,13,16,17,18,23,30,32,35,37,40,41,43,47,54,57,70,72,73,76,80
03/06/2017,5,8,12,15,18,21,26,27,29,33,35,37,39,46,48,49,51,57,59,70,74,79
03/13/2017,1,4,7,8,17,19,22,26,27,32,34,37,38,43,44,51,52,53,56,64,65,76
03/20/2017,2,4,5,6,7,10,12,16,20,21,25,30,38,40,45,56,58,63,72,74,75,77
03/27/2017,3,4,8,24,25,26,29,30,31,34,35,36,40,41,43,48,52,61,65,71,72,73
04/03/2017,8,9,15,16,18,22,24,26,28,31,37,44,48,50,51,53,54,62,63,66,72,78
04/10/2017,7,8,12,13,15,16,17,21,23,30,32,40,41,49,50,55,58,66,70,71,73,77
04/17/2017,2,3,6,16,20,23,27,28,29,33,43,46,51,52,60,65,71,73,74,75,76,79
04/24/2017,2,3,4,5,8,9,12,17,18,19,20,23,27,33,36,42,52,56,66,68,69,74
05/01/2017,3,4,6,14,15,19,23,26,31,42,43,44,47,48,60,61,67,68,70,71,74,77
05/08/2017,8,10,12,13,15,16,17,26,27,31,33,35,38,43,49,53,54,57,59,61,76,78
05/15/2017,7,10,12,18,19,27,36,43,45,47,50,51,54,55,57,59,65,69,70,71,74,76
05/22/2017,2,3,8,9,10,13,14,19,21,25,30,32,41,47,50,53,54,64,66,73,78,79
05/29/2017,3,6,10,12,15,16,33,34,35,36,37,42,45,46,50,51,52,53,58,62,74,80
06/05/2017,1,4,5,7,8,10,14,16,22,25,29,42,48,49,50,51,57,62,64,69,77,80
06/12/2017,13,15,18,21,24,26,34,35,39,43,47,52,55,58,64,68,74,75,76,77,78,80
06/19/2017,4,5,7,9,10,13,15,24,32,33,34,42,44,48,49,52,60,62,71,73,76,79
06/26/2017,1,7,8,14,17,18,19,28,30,31,34,41,45,46,48,51,52,55,59,60,65,75
07/03/2017,1,7,8,9,10,12,14,20,27,30,31,32,33,35,40,48,56,64,72,74,77,79
07/10/2017,4,14,15,30,32,33,34,35,36,38,39,40,42,45,48,52,61,64,65,74,75,80
07/17/2017,2,6,7,8,14,16,22,23,25,26,27,35,50,51,56,61,65,68,69,73,74,78
07/24/2017,7,8,9,11,12,13,14,17,19,24,29,31,33,36,44,47,51,53,56,66,72,78
07/31/2017,2,3,5,8,9,10,17,20,24,28,32,42,45,49,50,51,52,55,64,74,76,78
08/07/2017,5,8,10,15,16,18,21,26,28,30,33,39,46,49,50,51,52,53,54,62,64,74
08/14/2017,5,7,9,10,19,23,35,37,40,43,44,46,51,52,54,55,60,61,62,70,74,75
08/21/2017,4,5,13,23,25,31,37,38,40,42,43,50,51,55,61,62,64,65,69,72,77,79
08/28/2017,2,4,10,11,13,18,19,22,23,25,26,28,30,34,37,40,52,54,62,65,75,78
09/04/2017,5,10,13,18,19,23,26,29,30,32,36,42,43,48,49,50,52,53,54,61,69,72
09/11/2017,3,5,6,8,12,14,15,18,26,27,35,37,38,39,41,50,55,57,58,67,73,76
09/18/2017,7,9,10,13,14,15,17,18,24,26,27,31,36,37,38,47,48,56,63,67,68,75
09/25/2017,6,8,11,15,21,22,23,29,33,34,40,42,43,45,48,49,59,67,70,72,76,78
10/02/2017,8,11,12,17,22,23,25,26,28,42,44,47,48,51,52,55,56,66,67,68,72,79
10/09/2017,4,6,11,12,15,16,20,22,26,37,41,46,48,52,55,57,58,61,62,70,78,80
10/16/2017,1,6,12,13,14,16,19,27,35,37,38,40,49,51,52,55,64,65,68,69,75,80
10/23/2017,9,12,13,16,18,20,24,26,29,33,36,37,41,48,50,51,52,56,58,60,69,80
10/30/2017,1,5,17,19,21,22,24,26,29,32,34,37,38,43,44,45,48,59,60,63,76,79
11/06/2017,2,7,8,9,10,11,13,15,18,21,23,28,39,41,47,48,51,54,61,66,71,79
11/13/2017,10,12,13,15,20,25,32,41,43,44,45,46,53,56,57,59,62,64,65,67,68,74
11/20/2017,4,6,9,10,21,22,23,24,25,28,33,40,41,42,45,56,67,68,72,73,75,77
11/27/2017,7,8,12,19,20,28,31,34,36,47,53,55,56,58,60,61,64,65,66,68,77,78
12/04/2017,3,5,6,8,11,13,15,16,19,22,25,26,29,34,41,42,44,51,66,69,74,77
12/11/2017,5,7,8,11,13,21,22,37,38,43,45,46,47,49,51,57,58,61,63,71,78,79
12/18/2017,4,6,18,19,22,23,30,31,35,36,40,43,45,46,49,51,52,60,61,75,76,78
12/25/2017,5,6,8,17,19,25,28,31,32,33,44,47,48,49,53,61,63,64,65,66,67,73
01/01/2018,4,11,12,14,18,20,26,35,40,42,43,44,46,51,59,63,67,68,74,75,77,79
01/08/2018,13,23,25,26,28,29,31,32,33,35,39,42,48,55,56,62,64,66,67,73,74,79
01/15/2018,7,9,12,17,19,21,23,29,38,39,44,47,50,52,54,56,62,66,69,70,73,80
01/22/2018,2,3,6,9,12,14,15,17,18,19,20,21,22,26,28,30,42,48,55,61,75,77
01/29/2018,2,3,18,20,22,29,30,32,33,37,38,39,51,56,57,60,61,63,72,75,77,80
02/05/2018,5,7,8,9,10,11,14,16,22,28,31,33,35,38,50,53,59,65,68,73,76,78
02/12/2018,2,4,9,12,13,15,24,25,26,36,38,39,40,42,43,56,57,58,68,70,74,79
02/19/2018,3,4,16,17,18,21,25,26,30,32,37,40,42,48,50,54,55,56,57,64,67,70
02/26/2018,7,8,14,19,21,30,32,35,36,37,40,43,44,46,47,48,49,53,55,59,63,70
03/05/2018,2,5,10,13,14,17,18,19,23,27,30,41,42,47,50,54,63,66,68,70,73,77
03/12/2018,4,5,7,10,16,21,23,27,30,37,49,52,64,65,67,69,71,73,76,77,78,80
03/19/2018,4,5,11,12,18,26,29,31,32,33,35,37,40,47,50,51,54,63,70,71,79,80
03/26/2018,5,7,16,18,21,23,24,25,26,29,30,34,35,41,45,47,62,64,67,68,71,72
04/02/2018,1,2,5,6,7,8,9,21,22,25,30,34,35,37,38,44,46,48,57,66,67,75
04/09/2018,6,8,10,14,17,18,30,31,32,42,50,51,52,53,59,60,65,67,72,73,76,79
04/16/2018,2,13,14,17,19,27,30,33,37,42,45,52,53,55,57,60,65,70,72,75,77,80
04/23/2018,2,6,8,11,17,18,24,26,29,33,36,39,40,43,46,52,57,59,60,68,72,78
04/30/2018,4,7,8,12,15,18,24,27,33,35,46,48,52,53,56,59,60,71,73,76,77,80
05/07/2018,1,2,6,15,18,25,28,31,37,38,39,42,45,46,49,52,54,61,65,67,71,74
05/14/2018,5,7,12,14,20,23,28,32,42,43,45,46,47,48,50,59,60,65,66,71,72,77
05/21/2018,1,2,4,6,12,24,28,32,33,41,44,51,53,58,59,65,68,69,73,75,76,78
05/28/2018,11,21,23,25,35,41,43,44,45,46,47,48,49,50,53,57,64,67,68,72,75,78
06/04/2018,5,7,11,15,18,21,24,35,37,42,45,46,51,54,63,69,71,72,73,74,75,76
06/11/2018,3,8,13,14,18,19,23,28,34,36,41,44,46,49,54,57,63,71,75,77,78,80
06/18/2018,2,3,12,14,15,19,24,26,30,32,36,39,45,51,56,58,61,66,67,69,71,74
06/25/2018,2,5,6,8,12,13,14,16,18,21,22,23,31,44,45,48,56,64,68,71,73,77
07/02/2018,4,16,20,21,22,24,29,30,32,33,34,38,41,42,51,59,61,62,67,69,70,77
07/09/2018,7,14,21,23,25,31,32,37,38,43,44,46,52,53,61,62,69,71,73,75,76,80
07/16/2018,3,5,8,10,11,12,13,15,16,17,21,24,34,37,41,46,51,56,57,63,66,67
07/23/2018,3,4,7,9,10,28,32,37,42,44,49,51,52,54,59,62,65,72,73,76,77,80
07/30/2018,8,11,15,16,17,18,20,25,28,30,34,39,40,43,48,53,59,64,66,67,71,79
08/06/2018,1,4,6,7,8,9,10,17,19,23,24,27,36,40,45,47,53,55,62,68,72,75
08/13/2018,3,5,14,15,18,23,26,27,31,37,38,48,50,51,55,56,58,65,67,69,75,76
08/20/2018,5,8,10,11,20,27,29,30,32,33,34,35,42,49,50,51,63,64,65,66,77,79
08/27/2018,2,3,4,6,8,10,34,35,37,39,42,44,47,49,58,62,66,68,75,77,79,80
09/03/2018,4,5,6,9,10,14,15,18,21,28,36,42,47,48,51,52,53,54,62,65,67,72
09/10/2018,1,4,6,7,14,17,21,22,23,24,29,32,34,36,43,49,56,57,62,63,72,78
09/17/2018,2,3,11,13,18,19,26,29,34,38,43,44,51,53,54,59,60,64,65,69,72,79
09/24/2018,3,4,9,10,11,16,17,19,24,26,29,30,31,40,41,49,52,53,55,62,65,77
10/01/2018,1,2,3,21,27,29,30,42,43,45,51,52,53,54,55,63,64,71,72,73,74,78
10/08/2018,3,6,16,17,22,26,29,30,34,35,36,51,53,54,55,58,60,68,74,76,77,79
10/15/2018,1,8,14,24,25,35,41,46,47,48,49,50,51,53,54,59,60,65,67,73,77,78
10/22/2018,1,9,14,15,20,22,25,27,30,31,34,38,40,43,46,52,54,58,66,67,73,74
10/29/2018,1,8,10,22,26,27,35,38,39,44,45,46,48,53,58,60,61,67,70,73,77,79
11/05/2018,1,2,5,18,22,24,26,33,35,42,47,49,51,52,54,57,60,62,70,72,75,80
11/12/2018,7,13,20,23,29,32,34,38,41,42,44,46,53,59,62,63,69,70,74,76,77,79
11/19/2018,4,8,12,14,16,17,19,23,31,32,35,36,37,38,41,42,51,54,57,63,64,73
11/26/2018,5,8,11,12,17,19,23,26,31,33,36,40,45,50,55,56,59,66,69,72,78,79
12/03/2018,2,7,11,18,20,21,22,23,27,30,34,38,39,47,48,51,52,61,63,66,77,78
12/10/2018,3,5,6,11,20,21,23,30,31,37,43,46,47,51,52,55,59,65,67,72,77,80
12/17/2018,6,9,15,19,21,23,24,27,33,35,44,46,48,50,62,65,67,70,71,72,75,80
12/24/2018,11,16,28,29,31,36,38,39,40,41,42,47,48,50,55,57,59,68,70,73,75,80
12/31/2018,1,2,3,4,11,16,18,20,25,32,34,37,39,43,47,56,61,70,72,73,77,80
01/07/2019,11,12,15,17,18,24,29,30,34,35,37,47,48,51,52,54,57,68,69,71,72,77
01/14/2019,4,5,7,11,16,17,19,23,25,26,30,34,40,41,43,46,65,70,72,76,78,79
01/21/2019,3,4,14,16,22,24,31,35,39,40,41,43,45,49,51,56,61,72,73,77,79,80
01/28/2019,2,4,5,8,10,19,23,33,34,36,45,48,49,53,54,58,59,61,62,69,78,79
02/04/2019,2,3,6,8,10,17,25,27,37,39,42,45,46,52,53,57,61,63,66,70,75,78
02/11/2019,1,5,7,13,16,17,25,27,29,30,37,39,40,42,45,62,67,68,69,74,75,78
02/18/2019,8,9,13,15,17,18,19,27,30,31,36,39,42,45,47,56,59,61,64,76,77,80
02/25/2019,1,3,4,11,14,18,20,23,28,29,33,34,42,45,47,50,59,64,66,71,77,80
03/04/2019,1,9,10,13,14,20,24,27,28,36,39,42,45,48,51,56,58,63,70,72,73,75
03/11/2019,4,12,20,24,26,27,29,31,35,38,39,41,53,56,58,59,63,69,70,74,76,80
03/18/2019,2,4,6,7,9,11,14,16,19,27,34,41,46,51,55,62,65,66,68,69,75,77
03/25/2019,1,2,4,9,10,11,16,22,25,31,51,59,62,63,67,69,71,73,74,75,76,79
04/01/2019,4,5,10,15,16,22,31,36,38,42,43,48,59,61,62,64,65,70,73,74,79,80
04/08/2019,1,3,6,7,12,18,22,23,25,26,30,33,37,41,47,49,53,55,63,66,71,73
04/15/2019,1,2,6,8,11,12,14,23,26,27,29,34,36,41,42,51,54,58,67,69,77,79
04/22/2019,3,4,10,11,12,17,20,22,23,29,34,35,41,50,51,55,56,60,62,67,70,77
04/29/2019,11,16,20,21,22,28,30,33,34,37,43,50,55,57,59,61,62,63,68,73,78,79
05/06/2019,7,8,12,14,15,18,23,30,32,40,41,42,47,57,60,61,63,68,69,70,71,75
05/13/2019,2,3,4,12,22,24,25,28,30,31,34,43,44,47,51,53,55,57,58,61,66,71
05/20/2019,2,7,8,9,11,21,27,29,33,38,39,41,42,46,50,55,63,70,72,76,77,79
05/27/2019,1,2,5,7,8,10,18,19,21,24,28,30,35,41,42,49,62,67,70,74,75,80
06/03/2019,1,2,3,7,10,13,16,21,29,31,33,34,43,50,53,54,59,65,66,67,70,79
06/10/2019,2,4,14,16,17,19,20,24,30,32,33,37,43,45,47,52,57,61,62,65,66,77
06/17/2019,2,5,17,19,20,21,30,40,41,43,45,46,49,51,52,65,70,76,77,78,79,80
06/24/2019,5,11,17,18,23,25,26,27,30,31,34,36,37,39,44,46,48,49,63,68,74,79
07/01/2019,1,4,18,19,20,21,26,27,28,30,32,37,41,42,49,54,58,64,69,76,78,80
07/08/2019,1,2,6,9,10,12,15,23,30,32,44,46,47,52,61,69,72,75,76,78,79,80
07/15/2019,1,10,13,14,17,21,22,25,26,30,32,41,43,45,52,53,57,59,61,71,73,76
07/22/2019,2,14,18,19,22,24,25,27,33,36,38,39,43,46,49,50,51,56,71,74,77,78
07/29/2019,3,4,5,6,7,8,11,13,23,26,35,36,42,46,49,52,53,54,56,60,61,76
08/05/2019,4,5,6,8,11,15,19,20,29,30,32,35,37,51,52,53,57,59,62,72,73,77
08/12/2019,6,8,12,13,14,20,22,30,33,45,46,55,61,63,66,70,71,76,77,78,79,80
08/19/2019,3,7,10,12,17,20,22,26,28,35,38,42,45,49,50,61,62,70,72,74,77,78
08/26/2019,5,6,9,11,13,18,23,27,35,36,38,42,44,47,62,69,70,71,73,74,77,79
09/02/2019,3,5,6,9,10,12,15,16,18,22,26,36,42,44,46,49,59,61,71,72,73,76
09/09/2019,2,9,10,11,16,19,20,23,28,30,31,39,43,45,50,53,54,62,69,72,73,78
09/16/2019,4,6,11,15,26,29,32,35,44,45,47,52,56,58,61,63,65,71,72,74,76,77
09/23/2019,4,5,6,7,11,12,18,19,21,26,32,42,43,50,51,58,59,66,68,71,77,80
09/30/2019,1,5,12,13,22,30,31,33,34,35,40,45,55,58,63,68,70,71,72,74,75,79
10/07/2019,7,9,12,29,30,31,33,34,41,43,44,46,53,60,65,66,67,68,72,73,76,77
10/14/2019,8,14,16,23,25,26,27,29,39,40,41,46,52,59,60,61,63,64,67,71,73,76
10/21/2019,1,5,7,19,23,24,26,31,32,33,35,36,37,41,42,45,55,58,61,68,71,72
10/28/2019,1,8,13,22,30,32,38,41,42,46,48,49,52,59,60,67,72,74,75,76,77,78
11/04/2019,1,10,25,27,29,38,39,40,43,47,48,49,50,51,52,62,64,68,74,75,77,78
11/11/2019,4,7,9,10,12,17,19,22,24,27,32,37,41,45,62,64,70,74,75,76,78,80
11/18/2019,1,2,3,12,16,22,24,29,31,35,38,39,43,50,51,55,57,65,66,70,71,73
11/25/2019,3,7,9,15,16,22,37,38,40,41,42,44,45,47,55,57,60,62,63,64,65,80
12/02/2019,1,4,5,6,13,15,16,17,21,27,34,37,41,42,43,44,48,51,55,60,65,73
12/09/2019,2,5,7,9,15,16,18,25,26,33,36,37,41,42,48,53,57,59,61,63,78,79
12/16/2019,2,6,10,14,15,16,17,23,25,35,37,38,41,44,55,58,59,64,66,69,73,77
12/23/2019,8,12,16,20,28,30,37,39,41,43,47,49,51,55,63,66,69,70,71,72,73,75
12/30/2019,2,7,11,12,31,37,39,40,49,50,53,55,56,58,61,63,67,68,72,73,75,77
01/15/2020,1,2,6,8,11,13,17,18,22,24,28,32,38,50,60,63,66,68,73,74,77,80
08/03/2020,1,3,6,9,10,13,15,18,25,42,45,46,51,52,54,59,61,65,68,69,73,78
08/10/2020,2,7,9,16,27,31,42,43,44,45,48,49,51,52,53,58,63,64,65,68,69,79
08/17/2020,2,4,5,12,20,22,23,25,26,27,28,29,46,51,56,57,58,59,60,65,67,71
08/24/2020,1,2,8,9,11,12,13,16,19,21,31,32,33,37,49,50,51,52,62,69,74,76
08/31/2020,2,4,8,10,13,15,19,24,27,29,34,40,44,45,46,48,51,53,62,75,76,80
09/07/2020,1,5,10,19,20,26,29,36,39,42,55,59,61,64,65,68,71,72,74,77,78,80
09/14/2020,1,3,6,7,13,16,17,26,28,29,30,37,39,42,43,49,64,68,69,77,79,80
09/21/2020,1,10,12,17,19,22,24,27,29,30,32,38,45,49,51,53,55,58,61,62,70,78
09/28/2020,4,5,7,8,11,13,20,23,29,32,33,42,46,48,52,56,57,68,74,75,77,80
10/05/2020,5,6,10,12,13,15,16,20,26,32,34,40,48,52,55,57,58,60,69,73,75,78
10/12/2020,5,10,16,18,19,23,24,32,33,36,40,41,43,45,47,53,57,60,61,62,69,76
10/16/2020,6,10,11,19,22,23,24,25,26,30,35,36,38,44,47,52,55,67,70,73,77,78
10/19/2020,2,6,8,10,18,20,22,24,30,35,36,37,48,52,53,55,56,60,64,70,71,80
10/23/2020,2,3,5,8,14,20,21,23,28,32,34,35,38,40,44,46,51,55,57,60,64,80
10/26/2020,1,3,15,32,33,34,37,38,40,43,45,48,52,55,60,61,64,65,66,68,71,78
10/30/2020,2,6,8,10,15,19,26,34,40,44,48,49,51,54,57,60,70,71,74,75,77,80
11/02/2020,1,2,10,12,15,23,25,33,34,35,37,38,41,48,53,54,57,60,67,71,73,79
11/06/2020,2,14,20,21,22,30,34,36,37,38,43,45,47,52,59,60,67,73,74,75,77,79
11/09/2020,7,10,19,24,27,32,39,44,45,46,48,49,52,54,55,62,63,72,73,74,76,79
11/13/2020,1,10,11,15,16,17,18,25,27,32,33,34,35,44,46,50,58,62,65,67,69,73
11/16/2020,3,4,7,8,14,16,20,21,23,27,28,31,32,33,35,47,54,55,56,65,74,76
11/20/2020,1,2,3,4,9,14,16,22,24,27,35,37,47,49,51,53,57,60,61,70,73,77
11/23/2020,2,3,6,7,10,12,16,17,18,28,41,49,50,53,55,57,62,63,65,71,73,74
11/27/2020,1,2,4,11,13,15,16,23,24,25,27,46,47,48,53,59,60,62,63,66,70,75
11/30/2020,2,4,8,10,20,22,24,25,26,33,34,35,38,40,43,46,47,51,57,62,68,75
12/04/2020,10,11,12,16,18,20,26,29,33,34,35,43,47,48,50,52,55,66,67,69,71,75
12/07/2020,4,5,16,27,28,29,30,36,38,39,40,46,47,54,64,66,67,69,71,72,74,78
12/11/2020,2,3,4,6,8,11,14,16,24,31,33,36,51,57,61,63,70,71,75,77,79,80
12/14/2020,12,15,17,21,22,23,28,30,31,34,36,40,44,48,51,54,58,65,67,68,73,78
12/18/2020,1,4,7,8,20,21,25,27,32,36,40,41,42,43,45,49,57,64,66,67,70,74
12/21/2020,4,5,6,7,14,23,25,27,29,32,36,38,39,42,47,48,50,55,59,60,70,71
12/25/2020,2,3,11,12,19,20,26,27,28,34,35,37,41,50,52,57,58,64,67,69,75,78
12/28/2020,6,11,18,19,22,27,32,34,38,44,51,52,55,56,57,58,59,65,66,69,74,77
01/01/2021,1,5,19,20,24,28,29,37,38,39,41,53,57,58,60,62,64,66,70,75,79,80
01/04/2021,1,4,6,8,11,13,15,17,29,31,34,35,43,47,51,52,55,59,65,70,71,72
01/08/2021,1,10,23,24,25,31,35,37,40,43,45,53,56,59,65,68,74,75,76,77,78,80
01/11/2021,6,7,14,16,17,19,26,33,36,37,38,39,42,46,51,52,57,61,62,67,73,78
01/18/2021,1,3,15,18,19,23,24,27,28,29,34,37,38,41,42,45,58,62,65,71,72,80
01/22/2021,2,6,12,13,14,15,16,23,30,34,35,46,49,55,56,60,67,70,71,75,76,80
01/25/2021,1,2,7,9,18,22,24,28,29,30,31,32,35,36,47,52,56,62,69,71,77,78
01/29/2021,4,7,12,13,19,25,26,27,31,36,39,42,43,50,54,60,65,69,71,78,79,80
02/01/2021,1,5,9,19,24,41,42,44,45,46,47,48,50,51,52,55,56,59,64,71,75,77
02/05/2021,7,8,11,20,25,26,29,33,36,38,40,41,45,47,52,55,57,59,60,64,73,74
02/08/2021,5,7,8,12,15,18,20,21,22,25,28,31,42,45,49,55,58,65,68,72,77,78
02/12/2021,1,2,3,5,6,7,18,20,22,23,24,36,37,46,48,52,60,69,71,75,76,79
02/15/2021,7,14,18,23,27,29,31,34,35,37,40,43,46,48,50,51,52,60,61,65,69,79
02/19/2021,3,4,5,14,22,25,26,30,34,37,44,46,55,56,61,62,64,69,74,77,79,80
02/22/2021,8,9,15,18,19,25,26,31,35,39,41,46,47,56,59,60,62,67,70,75,79,80
02/26/2021,1,5,16,30,32,37,38,39,42,44,49,50,53,62,67,68,70,71,74,77,79,80
03/01/2021,4,6,7,11,16,17,20,25,26,28,31,33,35,37,40,43,50,55,64,73,74,75
03/05/2021,4,16,17,22,28,29,32,37,39,42,43,46,48,50,52,55,60,62,63,71,77,79
03/08/2021,8,14,23,24,25,28,37,43,44,46,47,50,52,59,60,67,68,72,73,76,77,78
03/12/2021,2,3,5,16,17,21,22,23,25,29,30,32,35,38,42,44,56,58,62,69,73,77
03/15/2021,3,4,7,9,10,11,12,16,27,35,41,46,47,51,55,56,57,67,68,73,75,76
03/19/2021,6,7,16,17,18,28,32,36,37,39,40,44,47,51,52,57,62,63,66,72,73,77
03/22/2021,4,6,7,11,15,16,19,29,38,42,44,47,50,53,54,57,59,60,65,75,76,79
03/26/2021,3,6,9,14,17,24,29,31,38,44,48,52,53,57,60,61,64,66,70,73,75,79
03/29/2021,4,5,6,7,10,14,15,19,20,29,30,41,43,47,51,53,54,62,65,66,71,76
04/02/2021,3,4,18,20,21,27,32,33,35,44,45,48,53,57,59,64,68,69,70,73,77,80
04/05/2021,1,4,5,11,15,21,23,25,28,32,34,52,53,57,62,63,64,65,69,71,73,80
04/09/2021,2,5,6,7,8,15,26,28,29,36,37,38,43,45,51,52,53,54,55,57,67,71
04/12/2021,1,7,8,14,15,18,25,27,29,31,35,41,42,45,48,49,53,62,71,73,75,79
04/16/2021,2,4,6,9,11,14,15,17,29,33,35,38,42,49,53,54,62,65,66,69,73,74
04/19/2021,1,2,5,14,20,21,27,34,35,40,41,46,50,51,53,54,55,59,69,70,71,80
04/23/2021,2,6,11,12,14,15,16,18,22,26,30,31,41,48,52,57,65,67,68,75,76,79
04/26/2021,3,5,12,16,17,27,29,31,36,40,46,47,51,53,57,60,63,68,71,77,78,79
04/30/2021,1,5,9,19,22,25,27,34,37,43,46,48,52,53,55,56,58,67,69,74,76,79
05/03/2021,1,5,6,8,10,14,20,21,26,31,32,34,41,43,47,58,59,61,64,68,73,77
05/07/2021,4,7,8,11,13,19,21,26,37,39,42,45,46,48,51,53,61,63,68,77,79,80
05/10/2021,2,6,10,14,21,23,25,28,30,35,37,39,44,50,51,54,62,67,72,75,77,80
05/14/2021,1,3,5,12,13,15,19,26,31,36,37,44,46,48,53,57,61,63,73,78,79,80
05/17/2021,4,5,9,11,16,21,25,27,30,31,41,46,52,54,57,60,63,67,68,69,71,78
05/21/2021,1,3,11,14,23,24,28,34,46,47,51,56,57,58,60,61,63,64,65,66,68,78
05/24/2021,3,4,8,13,15,20,22,26,28,32,35,41,43,45,46,49,54,56,57,68,69,76
05/28/2021,4,6,7,13,14,15,19,20,21,30,31,35,49,50,55,56,59,66,70,74,76,77
05/31/2021,5,7,8,11,12,16,17,25,28,30,33,41,45,51,55,59,63,69,73,78,79,80
06/04/2021,2,4,5,11,15,19,25,29,32,33,40,47,50,53,56,58,62,65,67,70,77,78
06/07/2021,3,6,11,14,20,26,30,31,33,36,38,46,49,53,59,62,64,66,69,70,74,77
06/11/2021,1,3,6,8,16,18,19,27,35,36,41,43,47,55,56,61,64,65,69,73,74,75
06/14/2021,2,4,9,15,17,21,22,25,28,29,30,31,34,36,38,39,42,45,52,58,67,75
06/18/2021,7,10,12,16,18,23,26,30,33,38,39,40,43,47,56,57,60,61,62,66,68,73
06/21/2021,4,5,6,9,11,14,16,17,21,22,23,27,32,40,46,54,60,62,67,75,78,79
06/25/2021,1,5,7,9,10,11,15,19,22,24,25,27,36,39,45,51,53,58,66,70,74,77
06/28/2021,2,9,13,16,17,19,22,27,31,36,39,40,47,50,53,55,56,65,69,71,76,79
07/02/2021,6,7,11,13,16,17,18,20,21,24,26,28,36,42,44,50,53,55,56,66,77,80
07/05/2021,1,3,7,10,17,25,27,28,29,32,34,36,43,46,49,52,57,59,63,67,78,80
07/09/2021,2,5,9,11,13,16,17,18,19,20,23,26,32,41,46,47,48,50,54,58,59,75
07/12/2021,2,3,5,11,15,17,19,20,24,31,35,36,38,45,53,57,58,63,71,73,76,78
07/16/2021,3,4,5,7,8,9,12,13,15,18,21,26,27,28,40,52,64,71,72,74,77,78
07/19/2021,2,3,6,8,11,13,18,20,27,28,33,47,55,58,61,62,67,70,71,73,75,76
07/23/2021,2,4,7,8,10,11,20,21,22,24,27,28,43,47,49,50,59,65,71,73,74,77
07/26/2021,11,16,17,23,25,27,30,31,37,38,50,51,52,57,60,63,68,70,71,72,76,80
07/30/2021,6,9,13,21,28,29,32,34,37,41,44,45,48,49,51,55,56,57,58,69,73,75
08/02/2021,1,2,4,8,10,16,21,25,33,36,39,44,45,53,54,60,64,65,70,72,74,76
08/06/2021,6,13,23,27,28,29,37,39,40,49,51,53,55,61,62,65,68,70,75,77,78,79
08/09/2021,3,4,5,16,17,21,28,29,31,37,40,42,48,53,54,56,57,58,62,66,69,79
08/13/2021,6,7,11,22,23,33,39,49,54,55,58,61,63,71,72,74,75,76,77,78,79,80
08/16/2021,6,20,22,23,27,28,29,32,38,41,43,50,52,53,54,55,57,60,64,65,70,77
08/20/2021,3,6,9,11,13,16,17,26,29,30,32,35,37,38,40,43,45,54,60,69,71,77
08/23/2021,2,3,5,6,7,9,16,18,21,22,29,30,38,39,50,52,57,58,66,77,78,80
08/27/2021,5,19,20,24,28,32,33,35,38,42,44,51,52,53,57,61,64,71,74,76,77,79
08/30/2021,5,9,13,15,18,25,36,47,48,53,58,60,61,64,65,69,71,72,74,75,77,79
09/03/2021,11,14,18,19,20,26,27,28,29,44,47,50,52,54,55,58,64,65,66,69,70,75
09/06/2021,2,4,6,7,16,20,23,25,36,39,44,49,51,52,56,58,62,63,67,69,70,77
09/10/2021,1,5,8,9,13,24,25,28,29,30,31,41,44,55,57,59,60,63,65,66,73,80
09/13/2021,1,2,6,7,14,21,26,43,49,55,56,59,63,66,68,70,71,72,75,76,79,80
09/17/2021,3,4,12,13,14,15,20,23,29,31,33,34,39,42,48,50,59,64,65,68,70,80
09/20/2021,2,5,7,12,15,16,17,18,21,32,35,40,48,52,53,55,59,70,71,73,77,78
09/24/2021,2,8,10,11,14,21,27,28,29,35,39,40,44,50,51,55,57,63,66,67,68,79
09/27/2021,2,6,7,12,16,19,20,26,33,36,38,42,44,45,46,48,49,50,58,68,70,74
10/01/2021,2,9,13,15,26,29,33,37,38,40,44,53,54,57,60,61,62,65,69,70,72,73
10/04/2021,6,11,12,15,18,19,24,25,29,31,33,35,36,38,41,52,60,67,68,73,75,76
10/08/2021,2,10,11,12,15,16,22,28,29,31,32,36,45,46,49,53,57,62,67,74,75,76
10/11/2021,1,5,6,7,11,12,18,20,27,34,36,38,42,45,46,48,49,54,55,57,75,78
10/15/2021,7,9,16,20,25,30,35,38,40,44,46,47,51,52,55,56,57,68,74,77,79,80
10/18/2021,2,4,12,27,28,32,37,39,41,46,48,49,52,56,58,63,64,65,66,71,73,75
10/22/2021,4,11,13,15,16,22,24,33,38,42,56,58,60,63,64,65,72,73,75,76,78,79
10/25/2021,1,5,6,8,9,11,15,24,28,29,39,41,48,53,54,56,57,60,65,73,76,79
10/29/2021,5,8,9,15,16,17,27,31,36,37,38,39,45,46,57,58,60,61,67,70,73,77
11/01/2021,1,4,15,18,21,27,30,33,34,35,37,42,43,44,50,65,68,69,73,75,77,80
11/05/2021,2,3,10,15,18,19,20,21,28,30,31,33,34,46,48,49,51,53,61,63,66,77
11/08/2021,4,8,13,16,21,25,29,31,35,39,44,51,53,55,56,59,65,66,70,71,74,80
11/12/2021,8,13,16,20,21,22,25,26,29,33,37,39,53,55,58,64,66,69,70,76,77,79
